0;0.0
0.04;0.5
0.08;0.62
0.12;0.66
0.16;0.7
0.2;0.7
0.24;0.7
0.28;0.74
0.33;0.74
0.37;0.78
0.41;0.78
0.45;0.78
0.49;0.78
0.53;0.86
0.57;0.82
0.61;0.82
0.65;0.86
0.69;0.86
0.73;0.86
0.77;0.9
0.81;0.86
0.85;0.86
0.89;0.9
0.93;0.94
0.97;0.9
1.01;0.9
1.05;0.9
1.09;0.9
1.13;0.94
1.17;0.94
1.21;0.94
1.25;0.98
1.29;0.98
1.33;0.94
1.37;0.98
1.41;0.98
1.45;0.94
1.49;0.98
1.53;0.98
1.57;0.98
1.61;1.02
1.65;1.06
1.7;1.06
1.74;1.06
1.78;1.02
1.82;1.02
1.86;1.06
1.9;1.02
1.94;1.06
1.98;1.06
2.02;1.1
2.06;1.06
2.1;1.1
2.14;1.06
2.18;1.1
2.22;1.1
2.26;1.06
2.3;1.06
2.34;1.1
2.38;1.1
2.42;1.1
2.46;1.06
2.5;1.1
2.54;1.14
2.58;1.1
2.62;1.1
2.66;1.1
2.7;1.1
2.74;1.1
2.78;1.1
2.82;1.1
2.86;1.14
2.9;1.14
2.94;1.14
2.98;1.14
3.02;1.14
3.06;1.14
3.11;1.18
3.15;1.14
3.19;1.18
3.23;1.14
3.27;1.18
3.31;1.22
3.35;1.22
3.39;1.22
3.43;1.18
3.47;1.18
3.51;1.18
3.55;1.22
3.59;1.18
3.63;1.22
3.67;1.22
3.71;1.22
3.75;1.22
3.79;1.22
3.83;1.22
3.87;1.22
3.91;1.22
3.95;1.22
3.99;1.22
4.03;1.26
4.07;1.22
4.11;1.26
4.15;1.26
4.19;1.22
4.23;1.22
4.27;1.22
4.31;1.22
4.35;1.22
4.39;1.22
4.43;1.26
4.47;1.22
4.52;1.22
4.56;1.3
4.6;1.3
4.64;1.26
4.68;1.26
4.72;1.22
4.76;1.26
4.8;1.26
4.84;1.26
4.88;1.26
4.92;1.3
4.96;1.3
5;1.26
5.04;1.26
5.08;1.34
5.12;1.3
5.16;1.3
5.2;1.26
5.24;1.3
5.28;1.34
5.32;1.34
5.36;1.34
5.4;1.3
5.44;1.22
5.48;1.3
5.52;1.34
5.56;1.34
5.6;1.3
5.64;1.3
5.68;1.3
5.72;1.34
5.76;1.34
5.8;1.34
5.84;1.34
5.88;1.34
5.93;1.34
5.97;1.38
6.01;1.34
6.05;1.34
6.09;1.34
6.13;1.34
6.17;1.38
6.21;1.38
6.25;1.34
6.29;1.34
6.33;1.38
6.37;1.38
6.41;1.38
6.45;1.34
6.49;1.38
6.53;1.38
6.57;1.38
6.61;1.38
6.65;1.38
6.69;1.38
6.73;1.38
6.77;1.34
6.81;1.38
6.85;1.42
6.89;1.42
6.93;1.42
6.97;1.42
7.01;1.42
7.05;1.42
7.09;1.38
7.13;1.38
7.17;1.42
7.21;1.46
7.25;1.42
7.3;1.42
7.34;1.46
7.38;1.42
7.42;1.42
7.46;1.42
7.5;1.46
7.54;1.46
7.58;1.46
7.62;1.46
7.66;1.46
7.7;1.46
7.74;1.46
7.78;1.42
7.82;1.42
7.86;1.46
7.9;1.46
7.94;1.42
7.98;1.5
8.02;1.5
8.06;1.5
8.1;1.42
8.14;1.46
8.18;1.5
8.22;1.5
8.26;1.5
8.3;1.5
8.34;1.46
8.38;1.5
8.42;1.46
8.46;1.46
8.5;1.5
8.54;1.5
8.58;1.46
8.62;1.5
8.66;1.5
8.71;1.5
8.75;1.46
8.79;1.5
8.83;1.5
8.87;1.5
8.91;1.5
8.95;1.46
8.99;1.58
9.03;1.54
9.07;1.5
9.11;1.54
9.15;1.54
9.19;1.5
9.23;1.54
9.27;1.54
9.31;1.5
9.35;1.54
9.39;1.5
9.43;1.54
9.47;1.5
9.51;1.5
9.55;1.54
9.59;1.5
9.63;1.54
9.67;1.54
9.71;1.5
9.75;1.58
9.79;1.5
9.83;1.54
9.87;1.54
9.91;1.54
9.95;1.54
9.99;1.58
10.03;1.54
10.07;1.54
10.12;1.58
10.16;1.54
10.2;1.54
10.24;1.62
10.28;1.54
10.32;1.58
10.36;1.58
10.4;1.58
10.44;1.54
10.48;1.58
10.52;1.58
10.56;1.54
10.6;1.62
10.64;1.58
10.68;1.58
10.72;1.58
10.76;1.58
10.8;1.62
10.84;1.58
10.88;1.62
10.92;1.62
10.96;1.58
11;1.62
11.04;1.62
11.08;1.54
11.12;1.58
11.16;1.58
11.2;1.62
11.24;1.58
11.28;1.58
11.32;1.62
11.36;1.66
11.4;1.58
11.44;1.62
11.49;1.58
11.53;1.58
11.57;1.62
11.61;1.62
11.65;1.66
11.69;1.58
11.73;1.62
11.77;1.62
11.81;1.62
11.85;1.62
11.89;1.62
11.93;1.62
11.97;1.62
12.01;1.62
12.05;1.66
12.09;1.66
12.13;1.62
12.17;1.62
12.21;1.62
12.25;1.62
12.29;1.62
12.33;1.66
12.37;1.66
12.41;1.62
12.45;1.66
12.49;1.62
12.53;1.62
12.57;1.62
12.61;1.62
12.65;1.66
12.69;1.66
12.73;1.66
12.77;1.66
12.81;1.7
12.85;1.66
12.9;1.66
12.94;1.66
12.98;1.66
13.02;1.66
13.06;1.66
13.1;1.74
13.14;1.7
13.18;1.66
13.22;1.66
13.26;1.66
13.3;1.66
13.34;1.7
13.38;1.66
13.42;1.66
13.46;1.7
13.5;1.7
13.54;1.7
13.58;1.66
13.62;1.66
13.66;1.74
13.7;1.74
13.74;1.7
13.78;1.7
13.82;1.7
13.86;1.7
13.9;1.7
13.94;1.66
13.98;1.7
14.02;1.74
14.06;1.74
14.1;1.7
14.14;1.7
14.18;1.7
14.22;1.7
14.26;1.7
14.3;1.7
14.35;1.7
14.39;1.7
14.43;1.7
14.47;1.74
14.51;1.74
14.55;1.78
14.59;1.74
14.63;1.74
14.67;1.74
14.71;1.7
14.75;1.74
14.79;1.74
14.83;1.74
14.87;1.74
14.91;1.78
14.95;1.7
14.99;1.78
15.03;1.74
15.07;1.74
15.11;1.74
15.15;1.74
15.19;1.74
15.23;1.74
15.27;1.74
15.31;1.74
15.35;1.74
15.39;1.82
15.43;1.74
15.47;1.74
15.51;1.74
15.55;1.82
15.59;1.74
15.63;1.78
15.67;1.74
15.71;1.78
15.76;1.74
15.8;1.74
15.84;1.74
15.88;1.78
15.92;1.82
15.96;1.78
16;1.78
16.04;1.78
16.08;1.82
16.12;1.78
16.16;1.78
16.2;1.78
16.24;1.78
16.28;1.82
16.32;1.78
16.36;1.82
16.4;1.82
16.44;1.78
16.48;1.78
16.52;1.82
16.56;1.78
16.6;1.78
16.64;1.82
16.68;1.82
16.72;1.78
16.76;1.82
16.8;1.82
16.84;1.82
16.88;1.78
16.92;1.78
16.96;1.82
17;1.82
17.04;1.82
17.08;1.82
17.12;1.82
17.17;1.82
17.21;1.86
17.25;1.86
17.29;1.82
17.33;1.82
17.37;1.82
17.41;1.82
17.45;1.82
17.49;1.82
17.53;1.86
17.57;1.82
17.61;1.86
17.65;1.82
17.69;1.82
17.73;1.82
17.77;1.86
17.81;1.74
17.85;1.82
17.89;1.86
17.93;1.86
17.97;1.82
18.01;1.86
18.05;1.82
18.09;1.82
18.13;1.86
18.17;1.86
18.21;1.86
18.25;1.86
18.29;1.86
18.33;1.86
18.37;1.86
18.41;1.82
18.45;1.86
18.49;1.82
18.53;1.86
18.58;1.9
18.62;1.86
18.66;1.86
18.7;1.9
18.74;1.86
18.78;1.82
18.82;1.9
18.86;1.86
18.9;1.86
18.94;1.86
18.98;1.86
19.02;1.9
19.06;1.86
19.1;1.9
19.14;1.9
19.18;1.9
19.22;1.86
19.26;1.86
19.3;1.9
19.34;1.9
19.38;1.86
19.42;1.86
19.46;1.9
19.5;1.9
19.54;1.9
19.58;1.86
19.62;1.86
19.66;1.9
19.7;1.9
19.74;1.9
19.78;1.94
19.82;1.9
19.86;1.9
19.9;1.9
19.95;1.86
19.99;1.94
20.03;1.86
20.07;1.9
20.11;1.94
20.15;1.9
20.19;1.9
20.23;1.9
20.27;1.9
20.31;1.9
20.35;1.94
20.39;1.9
20.43;1.9
20.47;1.9
20.51;1.9
20.55;1.9
20.59;1.9
20.63;1.94
20.67;1.94
20.71;1.9
20.75;1.94
20.79;1.9
20.83;1.9
20.87;1.9
20.91;1.9
20.95;1.9
20.99;1.9
21.03;1.98
21.07;1.94
21.11;1.98
21.15;1.9
21.19;1.9
21.23;1.9
21.27;1.98
21.31;1.98
21.36;1.98
21.4;1.94
21.44;1.94
21.48;1.98
21.52;1.98
21.56;1.94
21.6;1.94
21.64;1.98
21.68;1.98
21.72;1.94
21.76;1.94
21.8;1.94
21.84;1.94
21.88;1.94
21.92;1.98
21.96;1.94
22;1.98
22.04;1.94
22.08;1.98
22.12;1.98
22.16;1.98
22.2;1.98
22.24;2.02
22.28;1.98
22.32;1.98
22.36;1.98
22.4;1.94
22.44;1.98
22.48;1.98
22.52;1.98
22.56;2.02
22.6;1.98
22.64;1.94
22.68;1.98
22.72;1.94
22.77;2.02
22.81;1.98
22.85;2.02
22.89;1.98
22.93;2.02
22.97;2.02
23.01;1.98
23.05;1.98
23.09;2.02
23.13;2.02
23.17;2.02
23.21;2.02
23.25;1.98
23.29;2.02
23.33;1.98
23.37;2.06
23.41;2.02
23.45;1.98
23.49;2.02
23.53;2.02
23.57;1.98
23.61;2.02
23.65;2.02
23.69;2.02
23.73;2.02
23.77;2.02
23.81;2.02
23.85;2.02
23.89;2.02
23.93;2.02
23.97;2.02
24.01;2.02
24.05;2.02
24.09;2.06
24.14;2.02
24.18;2.02
24.22;2.02
24.26;2.06
24.3;2.02
24.34;2.06
24.38;2.02
24.42;2.06
24.46;2.02
24.5;2.02
24.54;2.06
24.58;2.06
24.62;2.02
24.66;2.02
24.7;2.06
24.74;2.02
24.78;2.02
24.82;2.06
24.86;2.02
24.9;2.06
24.94;2.02
24.98;2.06
25.02;2.02
25.06;2.06
25.1;2.06
25.14;2.1
25.18;2.06
25.22;2.06
25.26;2.06
25.3;2.06
25.34;2.06
25.38;2.06
25.42;2.06
25.46;2.1
25.5;2.06
25.55;2.06
25.59;2.1
25.63;2.06
25.67;2.06
25.71;2.06
25.75;2.1
25.79;2.06
25.83;2.06
25.87;2.06
25.91;2.06
25.95;2.06
25.99;2.1
26.03;2.1
26.07;2.1
26.11;2.1
26.15;2.06
26.19;2.1
26.23;2.06
26.27;2.06
26.31;2.06
26.35;2.06
26.39;2.14
26.43;2.14
26.47;2.06
26.51;2.06
26.55;2.1
26.59;2.1
26.63;2.06
26.67;2.06
26.71;2.1
26.75;2.1
26.79;2.1
26.83;2.1
26.87;2.14
26.91;2.14
26.96;2.14
27;2.14
27.04;2.1
27.08;2.1
27.12;2.14
27.16;2.1
27.2;2.14
27.24;2.1
27.28;2.14
27.32;2.14
27.36;2.1
27.4;2.1
27.44;2.14
27.48;2.14
27.52;2.14
27.56;2.1
27.6;2.1
27.64;2.1
27.68;2.14
27.72;2.1
27.76;2.14
27.8;2.14
27.84;2.14
27.88;2.14
27.92;2.1
27.96;2.1
28;2.14
28.04;2.14
28.08;2.14
28.12;2.14
28.16;2.14
28.2;2.18
28.24;2.14
28.28;2.18
28.33;2.14
28.37;2.14
28.41;2.18
28.45;2.14
28.49;2.14
28.53;2.18
28.57;2.18
28.61;2.18
28.65;2.18
28.69;2.14
28.73;2.18
28.77;2.14
28.81;2.18
28.85;2.14
28.89;2.18
28.93;2.18
28.97;2.18
29.01;2.18
29.05;2.14
29.09;2.18
29.13;2.14
29.17;2.18
29.21;2.14
29.25;2.18
29.29;2.14
29.33;2.18
29.37;2.18
29.41;2.14
29.45;2.18
29.49;2.14
29.53;2.14
29.57;2.14
29.61;2.18
29.65;2.18
29.69;2.18
29.74;2.22
29.78;2.18
29.82;2.18
29.86;2.14
29.9;2.18
29.94;2.14
29.98;2.18
30.02;2.14
30.06;2.18
30.1;2.18
30.14;2.18
30.18;2.18
30.22;2.18
30.26;2.22
30.3;2.22
30.34;2.22
30.38;2.18
30.42;2.18
30.46;2.22
30.5;2.22
30.54;2.22
30.58;2.18
30.62;2.22
30.66;2.22
30.7;2.22
30.74;2.18
30.78;2.22
30.82;2.18
30.86;2.22
30.9;2.22
30.94;2.22
30.98;2.18
31.02;2.22
31.06;2.22
31.1;2.26
31.15;2.18
31.19;2.18
31.23;2.18
31.27;2.22
31.31;2.22
31.35;2.22
31.39;2.22
31.43;2.22
31.47;2.22
31.51;2.26
31.55;2.26
31.59;2.26
31.63;2.22
31.67;2.26
31.71;2.22
31.75;2.22
31.79;2.22
31.83;2.22
31.87;2.22
31.91;2.26
31.95;2.26
31.99;2.26
32.03;2.22
32.07;2.26
32.11;2.26
32.15;2.22
32.19;2.22
32.23;2.22
32.27;2.26
32.31;2.26
32.35;2.22
32.39;2.26
32.43;2.26
32.47;2.26
32.51;2.22
32.56;2.26
32.6;2.26
32.64;2.26
32.68;2.26
32.72;2.26
32.76;2.3
32.8;2.26
32.84;2.3
32.88;2.26
32.92;2.3
32.96;2.26
33;2.26
33.04;2.26
33.08;2.26
33.12;2.26
33.16;2.3
33.2;2.3
33.24;2.26
33.28;2.3
33.32;2.3
33.36;2.26
33.4;2.26
33.44;2.26
33.48;2.3
33.52;2.26
33.56;2.26
33.6;2.26
33.64;2.26
33.68;2.26
33.72;2.3
33.76;2.3
33.8;2.34
33.84;2.3
33.88;2.3
33.93;2.26
33.97;2.26
34.01;2.3
34.05;2.3
34.09;2.3
34.13;2.3
34.17;2.3
34.21;2.3
34.25;2.26
34.29;2.26
34.33;2.34
34.37;2.3
34.41;2.3
34.45;2.34
34.49;2.3
34.53;2.34
34.57;2.34
34.61;2.34
34.65;2.3
34.69;2.3
34.73;2.3
34.77;2.3
34.81;2.3
34.85;2.3
34.89;2.34
34.93;2.34
34.97;2.34
35.01;2.34
35.05;2.34
35.09;2.34
35.13;2.34
35.17;2.3
35.21;2.26
35.25;2.34
35.29;2.3
35.34;2.3
35.38;2.34
35.42;2.34
35.46;2.34
35.5;2.34
35.54;2.34
35.58;2.3
35.62;2.34
35.66;2.3
35.7;2.3
35.74;2.3
35.78;2.38
35.82;2.34
35.86;2.34
35.9;2.34
35.94;2.34
35.98;2.38
36.02;2.34
36.06;2.34
36.1;2.34
36.14;2.38
36.18;2.34
36.22;2.34
36.26;2.34
36.3;2.34
36.34;2.34
36.38;2.38
36.42;2.34
36.46;2.34
36.5;2.38
36.54;2.34
36.58;2.34
36.62;2.38
36.66;2.38
36.7;2.38
36.75;2.38
36.79;2.38
36.83;2.34
36.87;2.38
36.91;2.34
36.95;2.38
36.99;2.38
37.03;2.34
37.07;2.38
37.11;2.38
37.15;2.34
37.19;2.38
37.23;2.38
37.27;2.38
37.31;2.34
37.35;2.38
37.39;2.38
37.43;2.34
37.47;2.42
37.51;2.38
37.55;2.38
37.59;2.42
37.63;2.38
37.67;2.38
37.71;2.38
37.75;2.38
37.79;2.34
37.83;2.38
37.87;2.38
37.91;2.38
37.95;2.42
37.99;2.38
38.03;2.38
38.07;2.42
38.12;2.38
38.16;2.38
38.2;2.38
38.24;2.42
38.28;2.42
38.32;2.38
38.36;2.38
38.4;2.42
38.44;2.42
38.48;2.38
38.52;2.42
38.56;2.42
38.6;2.38
38.64;2.38
38.68;2.42
38.72;2.42
38.76;2.38
38.8;2.42
38.84;2.38
38.88;2.46
38.92;2.42
38.96;2.38
39;2.42
39.04;2.38
39.08;2.38
39.12;2.46
39.16;2.38
39.2;2.42
39.24;2.42
39.28;2.42
39.32;2.46
39.36;2.42
39.4;2.42
39.44;2.42
39.48;2.42
39.53;2.42
39.57;2.42
39.61;2.42
39.65;2.42
39.69;2.42
39.73;2.42
39.77;2.46
39.81;2.46
39.85;2.42
39.89;2.42
39.93;2.42
39.97;2.46
40.01;2.46
40.05;2.46
40.09;2.42
40.13;2.46
40.17;2.42
40.21;2.42
40.25;2.46
40.29;2.42
40.33;2.42
40.37;2.46
40.41;2.42
40.45;2.42
40.49;2.46
40.53;2.42
40.57;2.42
40.61;2.46
40.65;2.42
40.69;2.46
40.73;2.46
40.77;2.42
40.81;2.42
40.85;2.42
40.89;2.46
40.94;2.46
40.98;2.46
41.02;2.46
41.06;2.46
41.1;2.46
41.14;2.46
41.18;2.46
41.22;2.46
41.26;2.46
41.3;2.5
41.34;2.46
41.38;2.42
41.42;2.46
41.46;2.46
41.5;2.5
41.54;2.46
41.58;2.5
41.62;2.42
41.66;2.46
41.7;2.46
41.74;2.46
41.78;2.46
41.82;2.5
41.86;2.46
41.9;2.46
41.94;2.46
41.98;2.46
42.02;2.5
42.06;2.46
42.1;2.46
42.14;2.5
42.18;2.5
42.22;2.46
42.26;2.46
42.3;2.5
42.35;2.5
42.39;2.5
42.43;2.46
42.47;2.46
42.51;2.46
42.55;2.46
42.59;2.5
42.63;2.46
42.67;2.46
42.71;2.46
42.75;2.5
42.79;2.5
42.83;2.46
42.87;2.46
42.91;2.5
42.95;2.5
42.99;2.5
43.03;2.54
43.07;2.46
43.11;2.5
43.15;2.46
43.19;2.5
43.23;2.54
43.27;2.5
43.31;2.5
43.35;2.5
43.39;2.46
43.43;2.5
43.47;2.5
43.51;2.5
43.55;2.5
43.59;2.54
43.63;2.5
43.67;2.54
43.72;2.5
43.76;2.54
43.8;2.46
43.84;2.54
43.88;2.54
43.92;2.5
43.96;2.5
44;2.54
44.04;2.5
44.08;2.5
44.12;2.5
44.16;2.5
44.2;2.5
44.24;2.5
44.28;2.5
44.32;2.54
44.36;2.5
44.4;2.54
44.44;2.5
44.48;2.54
44.52;2.54
44.56;2.54
44.6;2.5
44.64;2.5
44.68;2.54
44.72;2.58
44.76;2.58
44.8;2.5
44.84;2.5
44.88;2.5
44.92;2.54
44.96;2.58
45;2.58
45.04;2.5
45.08;2.54
45.13;2.54
45.17;2.54
45.21;2.54
45.25;2.54
45.29;2.58
45.33;2.54
45.37;2.58
45.41;2.58
45.45;2.58
45.49;2.54
45.53;2.54
45.57;2.54
45.61;2.58
45.65;2.54
45.69;2.54
45.73;2.54
45.77;2.54
45.81;2.62
45.85;2.58
45.89;2.58
45.93;2.54
45.97;2.54
46.01;2.58
46.05;2.58
46.09;2.54
46.13;2.54
46.17;2.58
46.21;2.54
46.25;2.58
46.29;2.58
46.33;2.58
46.37;2.58
46.41;2.58
46.45;2.54
46.49;2.58
46.54;2.54
46.58;2.62
46.62;2.58
46.66;2.58
46.7;2.58
46.74;2.58
46.78;2.62
46.82;2.58
46.86;2.62
46.9;2.58
46.94;2.58
46.98;2.58
47.02;2.58
47.06;2.58
47.1;2.58
47.14;2.58
47.18;2.58
47.22;2.58
47.26;2.58
47.3;2.58
47.34;2.58
47.38;2.62
47.42;2.62
47.46;2.58
47.5;2.58
47.54;2.58
47.58;2.58
47.62;2.58
47.66;2.62
47.7;2.62
47.74;2.62
47.78;2.62
47.82;2.62
47.86;2.58
47.91;2.62
47.95;2.62
47.99;2.62
48.03;2.58
48.07;2.62
48.11;2.62
48.15;2.62
48.19;2.58
48.23;2.58
48.27;2.62
48.31;2.66
48.35;2.58
48.39;2.58
48.43;2.62
48.47;2.58
48.51;2.62
48.55;2.62
48.59;2.62
48.63;2.62
48.67;2.58
48.71;2.62
48.75;2.62
48.79;2.62
48.83;2.62
48.87;2.62
48.91;2.62
48.95;2.62
48.99;2.62
49.03;2.62
49.07;2.62
49.11;2.62
49.15;2.62
49.19;2.62
49.23;2.62
49.27;2.54
49.32;2.62
49.36;2.62
49.4;2.66
49.44;2.62
49.48;2.62
49.52;2.66
49.56;2.66
49.6;2.62
49.64;2.66
49.68;2.62
49.72;2.66
49.76;2.62
49.8;2.66
49.84;2.62
49.88;2.66
49.92;2.62
49.96;2.66
50;2.66
50.04;2.62
50.08;2.66
50.12;2.62
50.16;2.66
50.2;2.66
50.24;2.7
50.28;2.62
50.32;2.66
50.36;2.66
50.4;2.62
50.44;2.7
50.48;2.62
50.52;2.66
50.56;2.66
50.6;2.66
50.64;2.7
50.68;2.66
50.73;2.66
50.77;2.66
50.81;2.66
50.85;2.7
50.89;2.66
50.93;2.62
50.97;2.7
51.01;2.62
51.05;2.66
51.09;2.62
51.13;2.66
51.17;2.7
51.21;2.62
51.25;2.7
51.29;2.66
51.33;2.66
51.37;2.7
51.41;2.66
51.45;2.7
51.49;2.7
51.53;2.66
51.57;2.66
51.61;2.7
51.65;2.66
51.69;2.7
51.73;2.7
51.77;2.66
51.81;2.66
51.85;2.66
51.89;2.7
51.93;2.7
51.97;2.7
52.01;2.7
52.05;2.74
52.1;2.66
52.14;2.7
52.18;2.7
52.22;2.66
52.26;2.7
52.3;2.7
52.34;2.7
52.38;2.66
52.42;2.7
52.46;2.7
52.5;2.7
52.54;2.7
52.58;2.7
52.62;2.7
52.66;2.7
52.7;2.7
52.74;2.7
52.78;2.7
52.82;2.7
52.86;2.7
52.9;2.74
52.94;2.74
52.98;2.7
53.02;2.74
53.06;2.7
53.1;2.7
53.14;2.66
53.18;2.7
53.22;2.74
53.26;2.7
53.3;2.7
53.34;2.7
53.38;2.7
53.42;2.7
53.46;2.7
53.51;2.74
53.55;2.74
53.59;2.74
53.63;2.7
53.67;2.74
53.71;2.74
53.75;2.7
53.79;2.7
53.83;2.74
53.87;2.74
53.91;2.74
53.95;2.7
53.99;2.7
54.03;2.7
54.07;2.7
54.11;2.7
54.15;2.7
54.19;2.74
54.23;2.74
54.27;2.74
54.31;2.74
54.35;2.74
54.39;2.74
54.43;2.74
54.47;2.74
54.51;2.7
54.55;2.78
54.59;2.7
54.63;2.74
54.67;2.74
54.71;2.7
54.75;2.74
54.79;2.74
54.83;2.74
54.87;2.74
54.92;2.74
54.96;2.74
55;2.78
55.04;2.78
55.08;2.74
55.12;2.74
55.16;2.74
55.2;2.74
55.24;2.74
55.28;2.74
55.32;2.74
55.36;2.78
55.4;2.78
55.44;2.78
55.48;2.74
55.52;2.74
55.56;2.74
55.6;2.74
55.64;2.78
55.68;2.74
55.72;2.74
55.76;2.78
55.8;2.74
55.84;2.74
55.88;2.74
55.92;2.78
55.96;2.78
56;2.78
56.04;2.78
56.08;2.74
56.12;2.78
56.16;2.74
56.2;2.78
56.24;2.74
56.28;2.74
56.33;2.82
56.37;2.74
56.41;2.78
56.45;2.78
56.49;2.74
56.53;2.82
56.57;2.78
56.61;2.78
56.65;2.78
56.69;2.78
56.73;2.74
56.77;2.74
56.81;2.78
56.85;2.78
56.89;2.78
56.93;2.78
56.97;2.82
57.01;2.78
57.05;2.78
57.09;2.78
57.13;2.78
57.17;2.86
57.21;2.78
57.25;2.78
57.29;2.78
57.33;2.78
57.37;2.82
57.41;2.78
57.45;2.82
57.49;2.78
57.53;2.82
57.57;2.74
57.61;2.78
57.65;2.78
57.7;2.78
57.74;2.78
57.78;2.78
57.82;2.82
57.86;2.78
57.9;2.82
57.94;2.78
57.98;2.78
58.02;2.78
58.06;2.82
58.1;2.82
58.14;2.82
58.18;2.74
58.22;2.82
58.26;2.82
58.3;2.78
58.34;2.78
58.38;2.78
58.42;2.78
58.46;2.82
58.5;2.82
58.54;2.82
58.58;2.78
58.62;2.78
58.66;2.82
58.7;2.78
58.74;2.82
58.78;2.78
58.82;2.82
58.86;2.82
58.9;2.82
58.94;2.78
58.98;2.86
59.02;2.86
59.06;2.82
59.11;2.82
59.15;2.82
59.19;2.86
59.23;2.82
59.27;2.82
59.31;2.82
59.35;2.82
59.39;2.82
59.43;2.86
59.47;2.82
59.51;2.82
59.55;2.82
59.59;2.82
59.63;2.86
59.67;2.82
59.71;2.82
59.75;2.82
59.79;2.82
59.83;2.82
59.87;2.86
59.91;2.82
59.95;2.82
59.99;2.82
60.03;2.82
60.07;2.86
60.11;2.82
60.15;2.86
60.19;2.86
60.23;2.86
60.27;2.86
60.31;2.82
60.35;2.86
60.39;2.82
60.43;2.82
60.47;2.86
60.52;2.86
60.56;2.82
60.6;2.86
60.64;2.86
60.68;2.86
60.72;2.82
60.76;2.82
60.8;2.86
60.84;2.82
60.88;2.86
60.92;2.86
60.96;2.82
61;2.86
61.04;2.86
61.08;2.82
61.12;2.82
61.16;2.86
61.2;2.86
61.24;2.82
61.28;2.82
61.32;2.82
61.36;2.86
61.4;2.86
61.44;2.86
61.48;2.86
61.52;2.86
61.56;2.86
61.6;2.82
61.64;2.86
61.68;2.86
61.72;2.86
61.76;2.86
61.8;2.86
61.84;2.86
61.89;2.86
61.93;2.86
61.97;2.9
62.01;2.86
62.05;2.9
62.09;2.86
62.13;2.86
62.17;2.86
62.21;2.86
62.25;2.9
62.29;2.86
62.33;2.86
62.37;2.9
62.41;2.86
62.45;2.9
62.49;2.86
62.53;2.86
62.57;2.86
62.61;2.9
62.65;2.86
62.69;2.9
62.73;2.86
62.77;2.86
62.81;2.86
62.85;2.9
62.89;2.86
62.93;2.9
62.97;2.86
63.01;2.86
63.05;2.9
63.09;2.86
63.13;2.9
63.17;2.9
63.21;2.86
63.25;2.86
63.3;2.9
63.34;2.86
63.38;2.9
63.42;2.86
63.46;2.9
63.5;2.9
63.54;2.9
63.58;2.9
63.62;2.9
63.66;2.86
63.7;2.9
63.74;2.9
63.78;2.9
63.82;2.86
63.86;2.94
63.9;2.9
63.94;2.86
63.98;2.9
64.02;2.9
64.06;2.86
64.1;2.9
64.14;2.9
64.18;2.9
64.22;2.9
64.26;2.9
64.3;2.9
64.34;2.9
64.38;2.86
64.42;2.9
64.46;2.9
64.5;2.86
64.54;2.94
64.58;2.94
64.62;2.9
64.66;2.9
64.71;2.94
64.75;2.9
64.79;2.86
64.83;2.9
64.87;2.9
64.91;2.9
64.95;2.9
64.99;2.9
65.03;2.9
65.07;2.9
65.11;2.9
65.15;2.9
65.19;2.9
65.23;2.9
65.27;2.9
65.31;2.9
65.35;2.94
65.39;2.94
65.43;2.9
65.47;2.94
65.51;2.9
65.55;2.9
65.59;2.9
65.63;2.9
65.67;2.94
65.71;2.94
65.75;2.9
65.79;2.94
65.83;2.86
65.87;2.94
65.91;2.94
65.95;2.9
65.99;2.94
66.03;2.9
66.08;2.9
66.12;2.94
66.16;2.94
66.2;2.94
66.24;2.9
66.28;2.94
66.32;2.9
66.36;2.94
66.4;2.98
66.44;2.94
66.48;2.94
66.52;2.94
66.56;2.94
66.6;2.94
66.64;2.94
66.68;2.94
66.72;2.94
66.76;2.94
66.8;2.94
66.84;2.94
66.88;2.94
66.92;2.94
66.96;2.98
67;2.94
67.04;2.94
67.08;2.98
67.12;2.9
67.16;2.94
67.2;2.94
67.24;2.9
67.28;2.9
67.32;2.9
67.36;2.98
67.4;2.94
67.44;2.94
67.49;2.94
67.53;2.94
67.57;2.94
67.61;2.98
67.65;2.94
67.69;2.94
67.73;2.94
67.77;2.98
67.81;2.94
67.85;2.94
67.89;2.98
67.93;2.94
67.97;2.98
68.01;2.98
68.05;2.94
68.09;2.98
68.13;2.98
68.17;2.98
68.21;2.94
68.25;2.94
68.29;2.98
68.33;2.98
68.37;2.94
68.41;2.98
68.45;2.94
68.49;2.94
68.53;2.9
68.57;2.94
68.61;2.94
68.65;2.94
68.69;2.98
68.73;2.98
68.77;2.94
68.81;2.98
68.85;2.94
68.9;2.94
68.94;2.98
68.98;2.98
69.02;2.94
69.06;2.98
69.1;2.98
69.14;2.98
69.18;2.98
69.22;2.98
69.26;2.98
69.3;2.94
69.34;2.94
69.38;3.02
69.42;2.98
69.46;2.98
69.5;2.98
69.54;2.98
69.58;2.98
69.62;2.98
69.66;3.02
69.7;2.98
69.74;3.02
69.78;2.98
69.82;2.98
69.86;2.94
69.9;2.94
69.94;2.98
69.98;2.98
70.02;2.94
70.06;3.02
70.1;2.98
70.14;2.98
70.18;3.02
70.22;2.94
70.26;3.02
70.31;2.98
70.35;3.06
70.39;2.98
70.43;3.02
70.47;2.98
70.51;3.02
70.55;3.02
70.59;3.02
70.63;3.02
70.67;3.02
70.71;3.02
70.75;2.98
70.79;2.98
70.83;2.98
70.87;3.02
70.91;3.02
70.95;3.02
70.99;3.02
71.03;3.06
71.07;3.02
71.11;2.98
71.15;3.02
71.19;2.98
71.23;3.02
71.27;3.02
71.31;2.94
71.35;3.02
71.39;3.02
71.43;2.98
71.47;3.02
71.51;3.02
71.55;3.02
71.59;3.02
71.63;2.98
71.68;3.02
71.72;3.02
71.76;3.02
71.8;3.02
71.84;3.02
71.88;3.02
71.92;2.94
71.96;3.02
72;3.06
72.04;2.98
72.08;3.02
72.12;3.02
72.16;3.02
72.2;3.06
72.24;3.02
72.28;3.02
72.32;3.02
72.36;3.02
72.4;3.02
72.44;3.02
72.48;3.02
72.52;3.02
72.56;3.02
72.6;3.06
72.64;3.06
72.68;3.02
72.72;3.02
72.76;3.02
72.8;3.02
72.84;3.02
72.88;3.02
72.92;3.06
72.96;3.02
73;3.06
73.04;3.06
73.09;3.06
73.13;3.02
73.17;3.02
73.21;3.06
73.25;3.06
73.29;3.06
73.33;3.02
73.37;3.02
73.41;3.06
73.45;3.06
73.49;3.06
73.53;3.02
73.57;3.06
73.61;3.06
73.65;3.06
73.69;3.06
73.73;3.02
73.77;3.02
73.81;3.1
73.85;3.06
73.89;3.06
73.93;3.02
73.97;3.06
74.01;3.06
74.05;3.02
74.09;3.02
74.13;3.02
74.17;3.02
74.21;3.06
74.25;3.02
74.29;3.1
74.33;3.1
74.37;3.06
74.41;3.02
74.45;3.1
74.5;3.06
74.54;3.02
74.58;3.1
74.62;3.02
74.66;3.06
74.7;3.1
74.74;3.06
74.78;3.06
74.82;3.02
74.86;3.06
74.9;3.1
74.94;3.06
74.98;3.1
75.02;3.1
75.06;3.06
75.1;3.02
75.14;3.06
75.18;3.06
75.22;3.06
75.26;3.1
75.3;3.1
75.34;3.06
75.38;3.06
75.42;3.06
75.46;3.06
75.5;3.1
75.54;3.1
75.58;3.1
75.62;3.06
75.66;3.1
75.7;3.06
75.74;3.06
75.78;3.1
75.82;3.02
75.87;3.06
75.91;3.06
75.95;3.1
75.99;3.06
76.03;3.1
76.07;3.1
76.11;3.06
76.15;3.1
76.19;3.1
76.23;3.06
76.27;3.1
76.31;3.1
76.35;3.1
76.39;3.1
76.43;3.1
76.47;3.06
76.51;3.1
76.55;3.1
76.59;3.1
76.63;3.1
76.67;3.1
76.71;3.1
76.75;3.1
76.79;3.1
76.83;3.06
76.87;3.1
76.91;3.1
76.95;3.1
76.99;3.06
77.03;3.1
77.07;3.1
77.11;3.14
77.15;3.1
77.19;3.1
77.23;3.1
77.28;3.1
77.32;3.1
77.36;3.06
77.4;3.1
77.44;3.14
77.48;3.14
77.52;3.1
77.56;3.1
77.6;3.14
77.64;3.1
77.68;3.1
77.72;3.14
77.76;3.1
77.8;3.1
77.84;3.1
77.88;3.1
77.92;3.1
77.96;3.14
78;3.1
78.04;3.1
78.08;3.1
78.12;3.1
78.16;3.14
78.2;3.1
78.24;3.1
78.28;3.06
78.32;3.1
78.36;3.14
78.4;3.1
78.44;3.1
78.48;3.1
78.52;3.1
78.56;3.14
78.6;3.14
78.64;3.1
78.69;3.1
78.73;3.1
78.77;3.1
78.81;3.14
78.85;3.1
78.89;3.1
78.93;3.14
78.97;3.1
79.01;3.1
79.05;3.14
79.09;3.1
79.13;3.1
79.17;3.1
79.21;3.1
79.25;3.1
79.29;3.1
79.33;3.14
79.37;3.1
79.41;3.1
79.45;3.1
79.49;3.1
79.53;3.14
79.57;3.1
79.61;3.1
79.65;3.14
79.69;3.14
79.73;3.14
79.77;3.14
79.81;3.14
79.85;3.14
79.89;3.14
79.93;3.14
79.97;3.1
80.01;3.14
80.05;3.14
80.1;3.14
80.14;3.14
80.18;3.18
80.22;3.14
80.26;3.14
80.3;3.14
80.34;3.18
80.38;3.14
80.42;3.14
80.46;3.18
80.5;3.1
80.54;3.18
80.58;3.14
80.62;3.18
80.66;3.14
80.7;3.18
80.74;3.14
80.78;3.18
80.82;3.14
80.86;3.18
80.9;3.18
80.94;3.14
80.98;3.14
81.02;3.18
81.06;3.18
81.1;3.18
81.14;3.14
81.18;3.14
81.22;3.18
81.26;3.14
81.3;3.14
81.34;3.18
81.38;3.18
81.42;3.18
81.47;3.14
81.51;3.14
81.55;3.18
81.59;3.14
81.63;3.14
81.67;3.14
81.71;3.18
81.75;3.18
81.79;3.14
81.83;3.14
81.87;3.14
81.91;3.18
81.95;3.14
81.99;3.18
82.03;3.14
82.07;3.18
82.11;3.18
82.15;3.22
82.19;3.18
82.23;3.18
82.27;3.18
82.31;3.18
82.35;3.14
82.39;3.18
82.43;3.22
82.47;3.14
82.51;3.18
82.55;3.18
82.59;3.14
82.63;3.18
82.67;3.18
82.71;3.18
82.75;3.18
82.79;3.18
82.83;3.18
82.88;3.14
82.92;3.22
82.96;3.18
83;3.14
83.04;3.18
83.08;3.18
83.12;3.18
83.16;3.18
83.2;3.18
83.24;3.18
83.28;3.18
83.32;3.18
83.36;3.18
83.4;3.14
83.44;3.18
83.48;3.18
83.52;3.18
83.56;3.22
83.6;3.18
83.64;3.22
83.68;3.18
83.72;3.18
83.76;3.18
83.8;3.14
83.84;3.22
83.88;3.18
83.92;3.18
83.96;3.22
84;3.22
84.04;3.22
84.08;3.22
84.12;3.18
84.16;3.18
84.2;3.22
84.24;3.18
84.29;3.18
84.33;3.22
84.37;3.18
84.41;3.14
84.45;3.18
84.49;3.18
84.53;3.22
84.57;3.18
84.61;3.18
84.65;3.22
84.69;3.18
84.73;3.18
84.77;3.22
84.81;3.22
84.85;3.22
84.89;3.18
84.93;3.18
84.97;3.22
85.01;3.22
85.05;3.18
85.09;3.18
85.13;3.18
85.17;3.22
85.21;3.22
85.25;3.18
85.29;3.18
85.33;3.22
85.37;3.22
85.41;3.18
85.45;3.18
85.49;3.18
85.53;3.18
85.57;3.18
85.61;3.22
85.66;3.18
85.7;3.18
85.74;3.18
85.78;3.22
85.82;3.22
85.86;3.18
85.9;3.18
85.94;3.22
85.98;3.18
86.02;3.22
86.06;3.26
86.1;3.18
86.14;3.22
86.18;3.18
86.22;3.22
86.26;3.26
86.3;3.22
86.34;3.22
86.38;3.22
86.42;3.26
86.46;3.22
86.5;3.18
86.54;3.22
86.58;3.22
86.62;3.18
86.66;3.22
86.7;3.22
86.74;3.26
86.78;3.22
86.82;3.22
86.86;3.22
86.9;3.18
86.94;3.22
86.98;3.26
87.02;3.22
87.07;3.26
87.11;3.22
87.15;3.22
87.19;3.22
87.23;3.22
87.27;3.22
87.31;3.22
87.35;3.22
87.39;3.26
87.43;3.22
87.47;3.22
87.51;3.22
87.55;3.26
87.59;3.26
87.63;3.22
87.67;3.22
87.71;3.22
87.75;3.22
87.79;3.22
87.83;3.22
87.87;3.26
87.91;3.22
87.95;3.22
87.99;3.26
88.03;3.22
88.07;3.22
88.11;3.22
88.15;3.26
88.19;3.26
88.23;3.22
88.27;3.26
88.31;3.22
88.35;3.26
88.39;3.22
88.43;3.26
88.48;3.22
88.52;3.26
88.56;3.22
88.6;3.22
88.64;3.22
88.68;3.3
88.72;3.22
88.76;3.26
88.8;3.26
88.84;3.22
88.88;3.26
88.92;3.26
88.96;3.26
89;3.26
89.04;3.22
89.08;3.26
89.12;3.26
89.16;3.3
89.2;3.26
89.24;3.26
89.28;3.22
89.32;3.26
89.36;3.22
89.4;3.26
89.44;3.26
89.48;3.26
89.52;3.3
89.56;3.26
89.6;3.26
89.64;3.26
89.68;3.22
89.72;3.3
89.76;3.26
89.8;3.3
89.85;3.26
89.89;3.26
89.93;3.26
89.97;3.26
90.01;3.26
90.05;3.26
90.09;3.3
90.13;3.26
90.17;3.26
90.21;3.22
90.25;3.3
90.29;3.26
90.33;3.26
90.37;3.22
90.41;3.26
90.45;3.26
90.49;3.26
90.53;3.3
90.57;3.3
90.61;3.26
90.65;3.26
90.69;3.26
90.73;3.26
90.77;3.26
90.81;3.3
90.85;3.26
90.89;3.3
90.93;3.26
90.97;3.3
91.01;3.3
91.05;3.26
91.09;3.26
91.13;3.3
91.17;3.3
91.21;3.22
91.26;3.26
91.3;3.34
91.34;3.26
91.38;3.26
91.42;3.26
91.46;3.3
91.5;3.26
91.54;3.3
91.58;3.26
91.62;3.26
91.66;3.26
91.7;3.26
91.74;3.3
91.78;3.3
91.82;3.3
91.86;3.26
91.9;3.3
91.94;3.3
91.98;3.3
92.02;3.26
92.06;3.26
92.1;3.3
92.14;3.26
92.18;3.26
92.22;3.26
92.26;3.3
92.3;3.3
92.34;3.34
92.38;3.26
92.42;3.3
92.46;3.3
92.5;3.26
92.54;3.3
92.58;3.26
92.62;3.3
92.67;3.3
92.71;3.3
92.75;3.3
92.79;3.26
92.83;3.3
92.87;3.3
92.91;3.34
92.95;3.34
92.99;3.3
93.03;3.26
93.07;3.3
93.11;3.3
93.15;3.34
93.19;3.3
93.23;3.3
93.27;3.3
93.31;3.3
93.35;3.26
93.39;3.3
93.43;3.3
93.47;3.34
93.51;3.3
93.55;3.3
93.59;3.26
93.63;3.26
93.67;3.3
93.71;3.3
93.75;3.3
93.79;3.3
93.83;3.3
93.87;3.3
93.91;3.3
93.95;3.3
93.99;3.26
94.03;3.3
94.08;3.3
94.12;3.3
94.16;3.34
94.2;3.3
94.24;3.3
94.28;3.3
94.32;3.3
94.36;3.3
94.4;3.3
94.44;3.3
94.48;3.3
94.52;3.34
94.56;3.3
94.6;3.3
94.64;3.3
94.68;3.34
94.72;3.34
94.76;3.34
94.8;3.34
94.84;3.34
94.88;3.34
94.92;3.34
94.96;3.3
95;3.3
95.04;3.34
95.08;3.34
95.12;3.3
95.16;3.38
95.2;3.34
95.24;3.34
95.28;3.34
95.32;3.3
95.36;3.34
95.4;3.3
95.45;3.34
95.49;3.34
95.53;3.3
95.57;3.34
95.61;3.34
95.65;3.34
95.69;3.34
95.73;3.3
95.77;3.34
95.81;3.34
95.85;3.34
95.89;3.3
95.93;3.34
95.97;3.34
96.01;3.34
96.05;3.34
96.09;3.34
96.13;3.34
96.17;3.38
96.21;3.3
96.25;3.34
96.29;3.34
96.33;3.3
96.37;3.34
96.41;3.34
96.45;3.34
96.49;3.34
96.53;3.34
96.57;3.3
96.61;3.34
96.65;3.34
96.69;3.34
96.73;3.34
96.77;3.34
96.81;3.26
96.86;3.34
96.9;3.38
96.94;3.34
96.98;3.3
97.02;3.38
97.06;3.34
97.1;3.3
97.14;3.34
97.18;3.34
97.22;3.38
97.26;3.38
97.3;3.34
97.34;3.3
97.38;3.34
97.42;3.34
97.46;3.34
97.5;3.38
97.54;3.38
97.58;3.34
97.62;3.34
97.66;3.38
97.7;3.34
97.74;3.34
97.78;3.38
97.82;3.34
97.86;3.34
97.9;3.34
97.94;3.34
97.98;3.34
98.02;3.38
98.06;3.34
98.1;3.34
98.14;3.34
98.18;3.34
98.22;3.34
98.27;3.34
98.31;3.3
98.35;3.34
98.39;3.38
98.43;3.34
98.47;3.38
98.51;3.42
98.55;3.34
98.59;3.34
98.63;3.38
98.67;3.34
98.71;3.34
98.75;3.38
98.79;3.38
98.83;3.38
98.87;3.38
98.91;3.34
98.95;3.34
98.99;3.38
99.03;3.34
99.07;3.38
99.11;3.38
99.15;3.38
99.19;3.34
99.23;3.38
99.27;3.38
99.31;3.34
99.35;3.34
99.39;3.34
99.43;3.38
99.47;3.34
99.51;3.38
99.55;3.42
99.59;3.42
99.64;3.38
99.68;3.38
99.72;3.34
99.76;3.38
99.8;3.38
99.84;3.38
99.88;3.34
99.92;3.34
99.96;3.42
100;3.38
100.04;3.34
100.08;3.34
100.12;3.38
100.16;3.38
100.2;3.38
100.24;3.38
100.28;3.34
100.32;3.38
100.36;3.38
100.4;3.38
100.44;3.38
100.48;3.38
100.52;3.38
100.56;3.38
100.6;3.38
100.64;3.42
100.68;3.38
100.72;3.42
100.76;3.42
100.8;3.38
100.84;3.38
100.88;3.38
100.92;3.34
100.96;3.38
101;3.38
101.05;3.34
101.09;3.38
101.13;3.38
101.17;3.34
101.21;3.38
101.25;3.42
101.29;3.38
101.33;3.42
101.37;3.42
101.41;3.42
101.45;3.42
101.49;3.38
101.53;3.42
101.57;3.42
101.61;3.42
101.65;3.42
101.69;3.42
101.73;3.42
101.77;3.42
101.81;3.42
101.85;3.42
101.89;3.38
101.93;3.38
101.97;3.38
102.01;3.38
102.05;3.42
102.09;3.38
102.13;3.42
102.17;3.38
102.21;3.38
102.25;3.38
102.29;3.42
102.33;3.42
102.37;3.38
102.41;3.42
102.46;3.38
102.5;3.42
102.54;3.42
102.58;3.38
102.62;3.42
102.66;3.42
102.7;3.38
102.74;3.38
102.78;3.42
102.82;3.38
102.86;3.46
102.9;3.38
102.94;3.38
102.98;3.42
103.02;3.42
103.06;3.42
103.1;3.38
103.14;3.42
103.18;3.38
103.22;3.38
103.26;3.38
103.3;3.42
103.34;3.42
103.38;3.38
103.42;3.42
103.46;3.42
103.5;3.42
103.54;3.42
103.58;3.42
103.62;3.46
103.66;3.42
103.7;3.42
103.74;3.42
103.78;3.42
103.83;3.42
103.87;3.42
103.91;3.38
103.95;3.38
103.99;3.42
104.03;3.38
104.07;3.38
104.11;3.46
104.15;3.42
104.19;3.38
104.23;3.42
104.27;3.38
104.31;3.42
104.35;3.42
104.39;3.42
104.43;3.42
104.47;3.46
104.51;3.42
104.55;3.42
104.59;3.42
104.63;3.38
104.67;3.42
104.71;3.42
104.75;3.38
104.79;3.42
104.83;3.42
104.87;3.42
104.91;3.38
104.95;3.42
104.99;3.42
105.03;3.38
105.07;3.42
105.11;3.46
105.15;3.42
105.2;3.42
105.24;3.42
105.28;3.42
105.32;3.42
105.36;3.42
105.4;3.42
105.44;3.42
105.48;3.46
105.52;3.46
105.56;3.46
105.6;3.46
105.64;3.42
105.68;3.42
105.72;3.42
105.76;3.42
105.8;3.42
105.84;3.42
105.88;3.42
105.92;3.42
105.96;3.42
106;3.46
106.04;3.42
106.08;3.42
106.12;3.42
106.16;3.42
106.2;3.46
106.24;3.46
106.28;3.42
106.32;3.42
106.36;3.42
106.4;3.46
106.44;3.42
106.48;3.42
106.52;3.46
106.57;3.46
106.61;3.42
106.65;3.46
106.69;3.46
106.73;3.42
106.77;3.42
106.81;3.46
106.85;3.46
106.89;3.46
106.93;3.46
106.97;3.38
107.01;3.42
107.05;3.46
107.09;3.42
107.13;3.42
107.17;3.46
107.21;3.42
107.25;3.46
107.29;3.46
107.33;3.46
107.37;3.46
107.41;3.46
107.45;3.42
107.49;3.42
107.53;3.42
107.57;3.42
107.61;3.42
107.65;3.46
107.69;3.46
107.73;3.46
107.77;3.46
107.81;3.42
107.85;3.5
107.89;3.5
107.93;3.42
107.98;3.42
108.02;3.42
108.06;3.42
108.1;3.42
108.14;3.42
108.18;3.42
108.22;3.46
108.26;3.46
108.3;3.46
108.34;3.46
108.38;3.5
108.42;3.46
108.46;3.46
108.5;3.46
108.54;3.5
108.58;3.5
108.62;3.46
108.66;3.46
108.7;3.46
108.74;3.46
108.78;3.46
108.82;3.5
108.86;3.46
108.9;3.46
108.94;3.46
108.98;3.5
109.02;3.46
109.06;3.46
109.1;3.46
109.14;3.5
109.18;3.46
109.22;3.46
109.26;3.5
109.3;3.42
109.34;3.5
109.39;3.46
109.43;3.46
109.47;3.46
109.51;3.5
109.55;3.5
109.59;3.46
109.63;3.5
109.67;3.46
109.71;3.46
109.75;3.46
109.79;3.46
109.83;3.46
109.87;3.46
109.91;3.42
109.95;3.46
109.99;3.46
110.03;3.5
110.07;3.54
110.11;3.5
110.15;3.5
110.19;3.46
110.23;3.46
110.27;3.46
110.31;3.5
110.35;3.5
110.39;3.46
110.43;3.5
110.47;3.46
110.51;3.46
110.55;3.46
110.59;3.46
110.63;3.5
110.67;3.46
110.71;3.5
110.76;3.46
110.8;3.5
110.84;3.5
110.88;3.46
110.92;3.5
110.96;3.46
111;3.46
111.04;3.46
111.08;3.46
111.12;3.46
111.16;3.46
111.2;3.46
111.24;3.5
111.28;3.5
111.32;3.46
111.36;3.5
111.4;3.46
111.44;3.5
111.48;3.5
111.52;3.5
111.56;3.5
111.6;3.46
111.64;3.46
111.68;3.46
111.72;3.5
111.76;3.46
111.8;3.5
111.84;3.5
111.88;3.5
111.92;3.46
111.96;3.5
112;3.5
112.04;3.5
112.08;3.5
112.12;3.5
112.17;3.5
112.21;3.54
112.25;3.5
112.29;3.5
112.33;3.46
112.37;3.46
112.41;3.5
112.45;3.54
112.49;3.5
112.53;3.54
112.57;3.5
112.61;3.5
112.65;3.46
112.69;3.46
112.73;3.5
112.77;3.5
112.81;3.5
112.85;3.46
112.89;3.54
112.93;3.46
112.97;3.5
113.01;3.46
113.05;3.5
113.09;3.54
113.13;3.5
113.17;3.54
113.21;3.54
113.25;3.54
113.29;3.5
113.33;3.5
113.37;3.46
113.41;3.54
113.45;3.5
113.49;3.5
113.53;3.5
113.58;3.46
113.62;3.5
113.66;3.5
113.7;3.5
113.74;3.5
113.78;3.5
113.82;3.54
113.86;3.5
113.9;3.5
113.94;3.54
113.98;3.46
114.02;3.54
114.06;3.54
114.1;3.5
114.14;3.54
114.18;3.54
114.22;3.5
114.26;3.54
114.3;3.5
114.34;3.54
114.38;3.5
114.42;3.5
114.46;3.5
114.5;3.54
114.54;3.5
114.58;3.5
114.62;3.54
114.66;3.54
114.7;3.5
114.74;3.54
114.78;3.5
114.82;3.54
114.86;3.5
114.9;3.54
114.95;3.54
114.99;3.54
115.03;3.5
115.07;3.54
115.11;3.54
115.15;3.54
115.19;3.5
115.23;3.54
115.27;3.5
115.31;3.5
115.35;3.54
115.39;3.54
115.43;3.54
115.47;3.5
115.51;3.54
115.55;3.54
115.59;3.54
115.63;3.54
115.67;3.54
115.71;3.54
115.75;3.54
115.79;3.58
115.83;3.54
115.87;3.54
115.91;3.54
115.95;3.5
115.99;3.5
116.03;3.54
116.07;3.5
116.11;3.5
116.15;3.54
116.19;3.58
116.23;3.54
116.27;3.54
116.31;3.54
116.36;3.54
116.4;3.54
116.44;3.58
116.48;3.58
116.52;3.58
116.56;3.54
116.6;3.54
116.64;3.54
116.68;3.54
116.72;3.54
116.76;3.54
116.8;3.54
116.84;3.54
116.88;3.54
116.92;3.54
116.96;3.58
117;3.54
117.04;3.54
117.08;3.54
117.12;3.54
117.16;3.58
117.2;3.54
117.24;3.54
117.28;3.5
117.32;3.54
117.36;3.54
117.4;3.54
117.44;3.54
117.48;3.54
117.52;3.54
117.56;3.54
117.6;3.54
117.64;3.58
117.68;3.58
117.72;3.58
117.77;3.58
117.81;3.58
117.85;3.58
117.89;3.58
117.93;3.54
117.97;3.58
118.01;3.54
118.05;3.54
118.09;3.54
118.13;3.54
118.17;3.54
118.21;3.54
118.25;3.54
118.29;3.58
118.33;3.54
118.37;3.54
118.41;3.54
118.45;3.58
118.49;3.54
118.53;3.58
118.57;3.54
118.61;3.58
118.65;3.58
118.69;3.58
118.73;3.54
118.77;3.54
118.81;3.54
118.85;3.54
118.89;3.54
118.93;3.54
118.97;3.58
119.01;3.54
119.05;3.54
119.09;3.54
119.14;3.58
119.18;3.54
119.22;3.58
119.26;3.54
119.3;3.54
119.34;3.58
119.38;3.54
119.42;3.54
119.46;3.54
119.5;3.54
119.54;3.54
119.58;3.58
119.62;3.58
119.66;3.54
119.7;3.58
119.74;3.54
119.78;3.54
119.82;3.58
119.86;3.58
119.9;3.58
119.94;3.54
119.98;3.62
120.02;3.62
120.06;3.62
120.1;3.62
120.14;3.58
120.18;3.54
120.22;3.58
120.26;3.54
120.3;3.54
120.34;3.54
120.38;3.54
120.42;3.54
120.46;3.54
120.5;3.54
120.55;3.54
120.59;3.54
120.63;3.54
120.67;3.54
120.71;3.58
120.75;3.58
120.79;3.58
120.83;3.62
120.87;3.54
120.91;3.54
120.95;3.58
120.99;3.58
121.03;3.58
121.07;3.54
121.11;3.54
121.15;3.58
121.19;3.58
121.23;3.54
121.27;3.58
121.31;3.58
121.35;3.58
121.39;3.58
121.43;3.58
121.47;3.58
121.51;3.58
121.55;3.54
121.59;3.58
121.63;3.62
121.67;3.58
121.71;3.58
121.75;3.58
121.79;3.58
121.83;3.58
121.87;3.62
121.91;3.58
121.96;3.58
122;3.62
122.04;3.58
122.08;3.58
122.12;3.58
122.16;3.54
122.2;3.58
122.24;3.58
122.28;3.58
122.32;3.58
122.36;3.58
122.4;3.58
122.44;3.58
122.48;3.58
122.52;3.62
122.56;3.58
122.6;3.62
122.64;3.58
122.68;3.58
122.72;3.62
122.76;3.58
122.8;3.58
122.84;3.58
122.88;3.58
122.92;3.62
122.96;3.58
123;3.54
123.04;3.58
123.08;3.62
123.12;3.62
123.16;3.62
123.2;3.58
123.24;3.58
123.28;3.62
123.33;3.58
123.37;3.58
123.41;3.54
123.45;3.58
123.49;3.58
123.53;3.62
123.57;3.58
123.61;3.58
123.65;3.58
123.69;3.58
123.73;3.58
123.77;3.58
123.81;3.58
123.85;3.62
123.89;3.58
123.93;3.58
123.97;3.58
124.01;3.54
124.05;3.62
124.09;3.66
124.13;3.58
124.17;3.62
124.21;3.58
124.25;3.58
124.29;3.58
124.33;3.62
124.37;3.62
124.41;3.58
124.45;3.58
124.49;3.58
124.53;3.58
124.57;3.58
124.61;3.62
124.65;3.62
124.7;3.58
124.74;3.58
124.78;3.62
124.82;3.58
124.86;3.58
124.9;3.58
124.94;3.58
124.98;3.58
125.02;3.58
125.06;3.62
125.1;3.58
125.14;3.58
125.18;3.58
125.22;3.62
125.26;3.58
125.3;3.58
125.34;3.66
125.38;3.62
125.42;3.62
125.46;3.62
125.5;3.62
125.54;3.58
125.58;3.62
125.62;3.62
125.66;3.62
125.7;3.62
125.74;3.66
125.78;3.62
125.82;3.62
125.86;3.62
125.9;3.62
125.94;3.58
125.98;3.62
126.02;3.62
126.07;3.62
126.11;3.62
126.15;3.58
126.19;3.62
126.23;3.58
126.27;3.62
126.31;3.58
126.35;3.62
126.39;3.58
126.43;3.62
126.47;3.62
126.51;3.58
126.55;3.62
126.59;3.62
126.63;3.58
126.67;3.62
126.71;3.62
126.75;3.62
126.79;3.58
126.83;3.58
126.87;3.62
126.91;3.66
126.95;3.66
126.99;3.66
127.03;3.62
127.07;3.58
127.11;3.66
127.15;3.62
127.19;3.62
127.23;3.66
127.27;3.62
127.31;3.62
127.35;3.62
127.39;3.62
127.43;3.62
127.48;3.62
127.52;3.62
127.56;3.62
127.6;3.66
127.64;3.62
127.68;3.66
127.72;3.62
127.76;3.66
127.8;3.66
127.84;3.66
127.88;3.62
127.92;3.62
127.96;3.62
128;3.62
128.04;3.62
128.08;3.62
128.12;3.62
128.16;3.62
128.2;3.66
128.24;3.62
128.28;3.66
128.32;3.62
128.36;3.62
128.4;3.62
128.44;3.62
128.48;3.66
128.52;3.58
128.56;3.62
128.6;3.62
128.64;3.66
128.68;3.62
128.72;3.66
128.76;3.66
128.8;3.62
128.84;3.62
128.89;3.66
128.93;3.66
128.97;3.62
129.01;3.66
129.05;3.62
129.09;3.66
129.13;3.62
129.17;3.66
129.21;3.66
129.25;3.66
129.29;3.62
129.33;3.66
129.37;3.62
129.41;3.62
129.45;3.66
129.49;3.62
129.53;3.66
129.57;3.66
129.61;3.62
129.65;3.66
129.69;3.62
129.73;3.62
129.77;3.62
129.81;3.66
129.85;3.66
129.89;3.66
129.93;3.62
129.97;3.62
130.01;3.62
130.05;3.62
130.09;3.66
130.13;3.66
130.17;3.66
130.21;3.66
130.26;3.66
130.3;3.62
130.34;3.66
130.38;3.66
130.42;3.66
130.46;3.62
130.5;3.7
130.54;3.62
130.58;3.62
130.62;3.62
130.66;3.66
130.7;3.62
130.74;3.66
130.78;3.66
130.82;3.66
130.86;3.66
130.9;3.62
130.94;3.62
130.98;3.62
131.02;3.62
131.06;3.66
131.1;3.62
131.14;3.66
131.18;3.66
131.22;3.66
131.26;3.62
131.3;3.62
131.34;3.66
131.38;3.62
131.42;3.66
131.46;3.66
131.5;3.66
131.54;3.7
131.58;3.66
131.62;3.66
131.67;3.62
131.71;3.66
131.75;3.66
131.79;3.66
131.83;3.66
131.87;3.66
131.91;3.66
131.95;3.62
131.99;3.66
132.03;3.66
132.07;3.66
132.11;3.66
132.15;3.7
132.19;3.66
132.23;3.66
132.27;3.66
132.31;3.66
132.35;3.66
132.39;3.66
132.43;3.66
132.47;3.66
132.51;3.66
132.55;3.66
132.59;3.66
132.63;3.66
132.67;3.7
132.71;3.66
132.75;3.66
132.79;3.66
132.83;3.7
132.87;3.66
132.91;3.66
132.95;3.66
132.99;3.66
133.03;3.66
133.08;3.66
133.12;3.7
133.16;3.66
133.2;3.7
133.24;3.66
133.28;3.66
133.32;3.66
133.36;3.66
133.4;3.66
133.44;3.62
133.48;3.7
133.52;3.66
133.56;3.66
133.6;3.66
133.64;3.66
133.68;3.7
133.72;3.7
133.76;3.66
133.8;3.66
133.84;3.66
133.88;3.66
133.92;3.7
133.96;3.66
134;3.66
134.04;3.7
134.08;3.66
134.12;3.66
134.16;3.7
134.2;3.7
134.24;3.7
134.28;3.66
134.32;3.66
134.36;3.66
134.4;3.66
134.45;3.66
134.49;3.66
134.53;3.66
134.57;3.66
134.61;3.66
134.65;3.7
134.69;3.7
134.73;3.7
134.77;3.66
134.81;3.66
134.85;3.7
134.89;3.7
134.93;3.66
134.97;3.7
135.01;3.66
135.05;3.7
135.09;3.7
135.13;3.7
135.17;3.7
135.21;3.74
135.25;3.66
135.29;3.66
135.33;3.66
135.37;3.7
135.41;3.7
135.45;3.66
135.49;3.74
135.53;3.74
135.57;3.7
135.61;3.7
135.65;3.7
135.69;3.66
135.73;3.7
135.77;3.7
135.81;3.66
135.86;3.7
135.9;3.7
135.94;3.7
135.98;3.66
136.02;3.7
136.06;3.66
136.1;3.66
136.14;3.7
136.18;3.7
136.22;3.66
136.26;3.7
136.3;3.7
136.34;3.7
136.38;3.74
136.42;3.74
136.46;3.66
136.5;3.7
136.54;3.66
136.58;3.7
136.62;3.66
136.66;3.74
136.7;3.7
136.74;3.66
136.78;3.7
136.82;3.7
136.86;3.66
136.9;3.7
136.94;3.7
136.98;3.7
137.02;3.7
137.06;3.66
137.1;3.7
137.14;3.7
137.18;3.62
137.22;3.74
137.27;3.7
137.31;3.66
137.35;3.66
137.39;3.7
137.43;3.74
137.47;3.66
137.51;3.7
137.55;3.66
137.59;3.66
137.63;3.7
137.67;3.66
137.71;3.7
137.75;3.7
137.79;3.7
137.83;3.7
137.87;3.74
137.91;3.7
137.95;3.7
137.99;3.74
138.03;3.7
138.07;3.7
138.11;3.74
138.15;3.74
138.19;3.74
138.23;3.7
138.27;3.7
138.31;3.7
138.35;3.7
138.39;3.66
138.43;3.74
138.47;3.74
138.51;3.7
138.55;3.7
138.59;3.7
138.63;3.7
138.68;3.74
138.72;3.74
138.76;3.74
138.8;3.7
138.84;3.7
138.88;3.74
138.92;3.66
138.96;3.74
139;3.66
139.04;3.74
139.08;3.7
139.12;3.74
139.16;3.7
139.2;3.7
139.24;3.74
139.28;3.74
139.32;3.7
139.36;3.74
139.4;3.66
139.44;3.7
139.48;3.7
139.52;3.7
139.56;3.7
139.6;3.74
139.64;3.7
139.68;3.7
139.72;3.7
139.76;3.74
139.8;3.7
139.84;3.7
139.88;3.7
139.92;3.7
139.96;3.78
140;3.7
140.05;3.74
140.09;3.7
140.13;3.7
140.17;3.74
140.21;3.7
140.25;3.74
140.29;3.7
140.33;3.74
140.37;3.7
140.41;3.74
140.45;3.74
140.49;3.74
140.53;3.78
140.57;3.7
140.61;3.7
140.65;3.74
140.69;3.7
140.73;3.78
140.77;3.7
140.81;3.7
140.85;3.74
140.89;3.66
140.93;3.74
140.97;3.7
141.01;3.74
141.05;3.74
141.09;3.74
141.13;3.74
141.17;3.7
141.21;3.74
141.25;3.7
141.29;3.74
141.33;3.74
141.37;3.66
141.41;3.74
141.46;3.7
141.5;3.74
141.54;3.7
141.58;3.7
141.62;3.7
141.66;3.74
141.7;3.74
141.74;3.7
141.78;3.74
141.82;3.74
141.86;3.7
141.9;3.74
141.94;3.7
141.98;3.78
142.02;3.7
142.06;3.7
142.1;3.78
142.14;3.7
142.18;3.7
142.22;3.7
142.26;3.74
142.3;3.74
142.34;3.74
142.38;3.7
142.42;3.78
142.46;3.7
142.5;3.74
142.54;3.74
142.58;3.74
142.62;3.7
142.66;3.74
142.7;3.78
142.74;3.7
142.78;3.78
142.82;3.74
142.87;3.7
142.91;3.74
142.95;3.74
142.99;3.74
143.03;3.74
143.07;3.74
143.11;3.74
143.15;3.74
143.19;3.74
143.23;3.78
143.27;3.74
143.31;3.7
143.35;3.74
143.39;3.74
143.43;3.74
143.47;3.74
143.51;3.74
143.55;3.74
143.59;3.74
143.63;3.78
143.67;3.74
143.71;3.78
143.75;3.7
143.79;3.74
143.83;3.78
143.87;3.74
143.91;3.78
143.95;3.74
143.99;3.74
144.03;3.74
144.07;3.74
144.11;3.78
144.15;3.78
144.19;3.74
144.24;3.74
144.28;3.74
144.32;3.74
144.36;3.78
144.4;3.78
144.44;3.74
144.48;3.74
144.52;3.78
144.56;3.74
144.6;3.74
144.64;3.74
144.68;3.78
144.72;3.78
144.76;3.78
144.8;3.78
144.84;3.78
144.88;3.74
144.92;3.74
144.96;3.74
145;3.78
145.04;3.78
145.08;3.74
145.12;3.74
145.16;3.78
145.2;3.74
145.24;3.74
145.28;3.74
145.32;3.74
145.36;3.74
145.4;3.74
145.44;3.74
145.48;3.78
145.52;3.78
145.56;3.74
145.6;3.78
145.65;3.74
145.69;3.74
145.73;3.74
145.77;3.78
145.81;3.74
145.85;3.74
145.89;3.74
145.93;3.78
145.97;3.74
146.01;3.74
146.05;3.74
146.09;3.78
146.13;3.78
146.17;3.78
146.21;3.78
146.25;3.74
146.29;3.74
146.33;3.74
146.37;3.74
146.41;3.74
146.45;3.74
146.49;3.78
146.53;3.78
146.57;3.74
146.61;3.78
146.65;3.78
146.69;3.74
146.73;3.74
146.77;3.74
146.81;3.78
146.85;3.74
146.89;3.78
146.93;3.74
146.97;3.78
147.01;3.78
147.06;3.74
147.1;3.78
147.14;3.78
147.18;3.78
147.22;3.78
147.26;3.74
147.3;3.74
147.34;3.74
147.38;3.78
147.42;3.78
147.46;3.78
147.5;3.78
147.54;3.78
147.58;3.78
147.62;3.74
147.66;3.78
147.7;3.78
147.74;3.78
147.78;3.74
147.82;3.82
147.86;3.74
147.9;3.78
147.94;3.78
147.98;3.74
148.02;3.78
148.06;3.78
148.1;3.74
148.14;3.78
148.18;3.74
148.22;3.78
148.26;3.78
148.3;3.78
148.34;3.78
148.38;3.78
148.42;3.78
148.47;3.78
148.51;3.74
148.55;3.78
148.59;3.78
148.63;3.74
148.67;3.74
148.71;3.78
148.75;3.78
148.79;3.74
148.83;3.82
148.87;3.78
148.91;3.78
148.95;3.78
148.99;3.78
149.03;3.78
149.07;3.78
149.11;3.82
149.15;3.82
149.19;3.74
149.23;3.74
149.27;3.78
149.31;3.74
149.35;3.78
149.39;3.74
149.43;3.74
149.47;3.74
149.51;3.78
149.55;3.74
149.59;3.78
149.63;3.78
149.67;3.78
149.71;3.78
149.75;3.82
149.79;3.78
149.84;3.82
149.88;3.74
149.92;3.78
149.96;3.74
150;3.78
150.04;3.78
150.08;3.78
150.12;3.82
150.16;3.78
150.2;3.78
150.24;3.78
150.28;3.78
150.32;3.78
150.36;3.78
150.4;3.78
150.44;3.78
150.48;3.78
150.52;3.78
150.56;3.74
150.6;3.78
150.64;3.78
150.68;3.82
150.72;3.82
150.76;3.78
150.8;3.82
150.84;3.78
150.88;3.82
150.92;3.82
150.96;3.74
151;3.78
151.04;3.82
151.08;3.78
151.12;3.78
151.16;3.78
151.2;3.82
151.25;3.82
151.29;3.78
151.33;3.78
151.37;3.82
151.41;3.78
151.45;3.82
151.49;3.82
151.53;3.82
151.57;3.82
151.61;3.78
151.65;3.78
151.69;3.78
151.73;3.78
151.77;3.78
151.81;3.78
151.85;3.78
151.89;3.78
151.93;3.82
151.97;3.82
152.01;3.82
152.05;3.78
152.09;3.82
152.13;3.78
152.17;3.78
152.21;3.78
152.25;3.78
152.29;3.78
152.33;3.82
152.37;3.82
152.41;3.82
152.45;3.78
152.49;3.78
152.53;3.78
152.57;3.82
152.61;3.78
152.66;3.78
152.7;3.78
152.74;3.78
152.78;3.82
152.82;3.82
152.86;3.82
152.9;3.78
152.94;3.82
152.98;3.82
153.02;3.82
153.06;3.82
153.1;3.78
153.14;3.78
153.18;3.82
153.22;3.82
153.26;3.82
153.3;3.78
153.34;3.86
153.38;3.78
153.42;3.82
153.46;3.82
153.5;3.78
153.54;3.78
153.58;3.82
153.62;3.82
153.66;3.78
153.7;3.78
153.74;3.82
153.78;3.82
153.82;3.78
153.86;3.82
153.9;3.82
153.94;3.82
153.98;3.82
154.03;3.82
154.07;3.82
154.11;3.82
154.15;3.82
154.19;3.82
154.23;3.78
154.27;3.82
154.31;3.78
154.35;3.86
154.39;3.78
154.43;3.78
154.47;3.78
154.51;3.82
154.55;3.82
154.59;3.82
154.63;3.82
154.67;3.82
154.71;3.78
154.75;3.78
154.79;3.82
154.83;3.86
154.87;3.78
154.91;3.78
154.95;3.86
154.99;3.82
155.03;3.82
155.07;3.82
155.11;3.78
155.15;3.82
155.19;3.82
155.23;3.82
155.27;3.86
155.31;3.82
155.35;3.86
155.39;3.86
155.44;3.86
155.48;3.78
155.52;3.86
155.56;3.78
155.6;3.82
155.64;3.82
155.68;3.78
155.72;3.82
155.76;3.82
155.8;3.86
155.84;3.82
155.88;3.82
155.92;3.86
155.96;3.82
156;3.82
156.04;3.78
156.08;3.82
156.12;3.82
156.16;3.78
156.2;3.82
156.24;3.82
156.28;3.82
156.32;3.78
156.36;3.82
156.4;3.82
156.44;3.86
156.48;3.82
156.52;3.82
156.56;3.86
156.6;3.86
156.64;3.82
156.68;3.78
156.72;3.82
156.76;3.82
156.8;3.82
156.85;3.82
156.89;3.86
156.93;3.86
156.97;3.78
157.01;3.82
157.05;3.78
157.09;3.78
157.13;3.78
157.17;3.82
157.21;3.82
157.25;3.82
157.29;3.86
157.33;3.82
157.37;3.86
157.41;3.86
157.45;3.82
157.49;3.82
157.53;3.82
157.57;3.82
157.61;3.82
157.65;3.78
157.69;3.78
157.73;3.86
157.77;3.86
157.81;3.82
157.85;3.86
157.89;3.86
157.93;3.82
157.97;3.86
158.01;3.86
158.05;3.82
158.09;3.82
158.13;3.86
158.17;3.82
158.22;3.78
158.26;3.86
158.3;3.86
158.34;3.82
158.38;3.86
158.42;3.78
158.46;3.86
158.5;3.86
158.54;3.86
158.58;3.86
158.62;3.86
158.66;3.82
158.7;3.82
158.74;3.82
158.78;3.82
158.82;3.82
158.86;3.86
158.9;3.82
158.94;3.86
158.98;3.9
159.02;3.82
159.06;3.86
159.1;3.86
159.14;3.86
159.18;3.82
159.22;3.82
159.26;3.86
159.3;3.86
159.34;3.86
159.38;3.82
159.42;3.86
159.46;3.82
159.5;3.82
159.54;3.82
159.58;3.86
159.63;3.82
159.67;3.82
159.71;3.86
159.75;3.86
159.79;3.86
159.83;3.78
159.87;3.86
159.91;3.86
159.95;3.82
159.99;3.86
160.03;3.86
160.07;3.82
160.11;3.86
160.15;3.86
160.19;3.9
160.23;3.82
160.27;3.82
160.31;3.82
160.35;3.86
160.39;3.86
160.43;3.86
160.47;3.82
160.51;3.86
160.55;3.86
160.59;3.86
160.63;3.82
160.67;3.82
160.71;3.82
160.75;3.86
160.79;3.9
160.83;3.82
160.87;3.82
160.91;3.86
160.95;3.86
160.99;3.86
161.04;3.86
161.08;3.86
161.12;3.86
161.16;3.9
161.2;3.86
161.24;3.86
161.28;3.86
161.32;3.86
161.36;3.86
161.4;3.82
161.44;3.86
161.48;3.86
161.52;3.82
161.56;3.82
161.6;3.86
161.64;3.82
161.68;3.86
161.72;3.86
161.76;3.86
161.8;3.86
161.84;3.86
161.88;3.86
161.92;3.86
161.96;3.86
162;3.86
162.04;3.82
162.08;3.86
162.12;3.86
162.16;3.86
162.2;3.86
162.24;3.82
162.28;3.82
162.32;3.86
162.36;3.86
162.4;3.86
162.45;3.82
162.49;3.86
162.53;3.86
162.57;3.86
162.61;3.9
162.65;3.86
162.69;3.86
162.73;3.82
162.77;3.86
162.81;3.86
162.85;3.86
162.89;3.86
162.93;3.86
162.97;3.86
163.01;3.86
163.05;3.86
163.09;3.86
163.13;3.86
163.17;3.9
163.21;3.82
163.25;3.86
163.29;3.82
163.33;3.86
163.37;3.9
163.41;3.86
163.45;3.9
163.49;3.86
163.53;3.86
163.57;3.86
163.61;3.9
163.65;3.86
163.69;3.86
163.73;3.9
163.77;3.86
163.82;3.86
163.86;3.9
163.9;3.86
163.94;3.86
163.98;3.86
164.02;3.86
164.06;3.86
164.1;3.86
164.14;3.82
164.18;3.86
164.22;3.86
164.26;3.9
164.3;3.86
164.34;3.86
164.38;3.82
164.42;3.9
164.46;3.86
164.5;3.86
164.54;3.86
164.58;3.9
164.62;3.86
164.66;3.9
164.7;3.9
164.74;3.86
164.78;3.9
164.82;3.86
164.86;3.86
164.9;3.9
164.94;3.86
164.98;3.86
165.02;3.86
165.06;3.86
165.1;3.86
165.14;3.9
165.18;3.86
165.23;3.9
165.27;3.9
165.31;3.9
165.35;3.9
165.39;3.86
165.43;3.86
165.47;3.86
165.51;3.9
165.55;3.9
165.59;3.86
165.63;3.86
165.67;3.86
165.71;3.9
165.75;3.86
165.79;3.9
165.83;3.86
165.87;3.86
165.91;3.86
165.95;3.86
165.99;3.9
166.03;3.9
166.07;3.86
166.11;3.9
166.15;3.9
166.19;3.86
166.23;3.86
166.27;3.86
166.31;3.9
166.35;3.9
166.39;3.86
166.43;3.9
166.47;3.86
166.51;3.9
166.55;3.86
166.59;3.9
166.64;3.9
166.68;3.86
166.72;3.9
166.76;3.9
166.8;3.86
166.84;3.86
166.88;3.82
166.92;3.86
166.96;3.9
167;3.86
167.04;3.9
167.08;3.9
167.12;3.86
167.16;3.9
167.2;3.9
167.24;3.9
167.28;3.86
167.32;3.86
167.36;3.86
167.4;3.9
167.44;3.9
167.48;3.86
167.52;3.9
167.56;3.9
167.6;3.86
167.64;3.9
167.68;3.9
167.72;3.86
167.76;3.9
167.8;3.86
167.84;3.86
167.88;3.9
167.92;3.9
167.96;3.86
168.01;3.86
168.05;3.9
168.09;3.9
168.13;3.9
168.17;3.86
168.21;3.86
168.25;3.9
168.29;3.86
168.33;3.86
168.37;3.9
168.41;3.86
168.45;3.9
168.49;3.9
168.53;3.9
168.57;3.9
168.61;3.9
168.65;3.9
168.69;3.9
168.73;3.9
168.77;3.94
168.81;3.9
168.85;3.9
168.89;3.9
168.93;3.9
168.97;3.9
169.01;3.9
169.05;3.94
169.09;3.9
169.13;3.94
169.17;3.9
169.21;3.94
169.25;3.9
169.29;3.86
169.33;3.94
169.37;3.86
169.42;3.9
169.46;3.94
169.5;3.9
169.54;3.94
169.58;3.9
169.62;3.86
169.66;3.9
169.7;3.9
169.74;3.9
169.78;3.9
169.82;3.9
169.86;3.9
169.9;3.9
169.94;3.86
169.98;3.9
170.02;3.94
170.06;3.9
170.1;3.9
170.14;3.9
170.18;3.9
170.22;3.94
170.26;3.94
170.3;3.9
170.34;3.86
170.38;3.9
170.42;3.94
170.46;3.86
170.5;3.9
170.54;3.86
170.58;3.86
170.62;3.9
170.66;3.94
170.7;3.9
170.74;3.86
170.78;3.86
170.83;3.9
170.87;3.9
170.91;3.94
170.95;3.9
170.99;3.9
171.03;3.94
171.07;3.9
171.11;3.9
171.15;3.94
171.19;3.9
171.23;3.9
171.27;3.9
171.31;3.94
171.35;3.9
171.39;3.94
171.43;3.9
171.47;3.94
171.51;3.94
171.55;3.9
171.59;3.9
171.63;3.94
171.67;3.9
171.71;3.94
171.75;3.94
171.79;3.98
171.83;3.9
171.87;3.94
171.91;3.94
171.95;3.9
171.99;3.9
172.03;3.9
172.07;3.9
172.11;3.9
172.15;3.9
172.2;3.9
172.24;3.9
172.28;3.9
172.32;3.9
172.36;3.9
172.4;3.9
172.44;3.9
172.48;3.9
172.52;3.86
172.56;3.9
172.6;3.9
172.64;3.94
172.68;3.9
172.72;3.94
172.76;3.9
172.8;3.9
172.84;3.86
172.88;3.9
172.92;3.9
172.96;3.94
173;3.94
173.04;3.9
173.08;3.94
173.12;3.9
173.16;3.9
173.2;3.94
173.24;3.94
173.28;3.94
173.32;3.94
173.36;3.9
173.4;3.9
173.44;3.9
173.48;3.9
173.52;3.94
173.56;3.9
173.61;3.94
173.65;3.9
173.69;3.94
173.73;3.9
173.77;3.9
173.81;3.94
173.85;3.9
173.89;3.9
173.93;3.9
173.97;3.9
174.01;3.94
174.05;3.9
174.09;3.94
174.13;3.86
174.17;3.94
174.21;3.94
174.25;3.9
174.29;3.9
174.33;3.94
174.37;3.9
174.41;3.94
174.45;3.9
174.49;3.98
174.53;3.94
174.57;3.94
174.61;3.9
174.65;3.9
174.69;3.98
174.73;3.9
174.77;3.94
174.81;3.94
174.85;3.9
174.89;3.94
174.93;3.9
174.97;3.9
175.02;3.9
175.06;3.94
175.1;3.86
175.14;3.9
175.18;3.94
175.22;3.94
175.26;3.9
175.3;3.94
175.34;3.94
175.38;3.9
175.42;3.94
175.46;3.94
175.5;3.94
175.54;3.94
175.58;3.94
175.62;3.94
175.66;3.9
175.7;3.94
175.74;3.86
175.78;3.94
175.82;3.94
175.86;3.94
175.9;3.98
175.94;3.94
175.98;3.94
176.02;3.9
176.06;3.94
176.1;3.94
176.14;3.9
176.18;3.94
176.22;3.9
176.26;3.94
176.3;3.94
176.34;3.9
176.38;3.9
176.43;3.94
176.47;3.9
176.51;3.9
176.55;3.94
176.59;3.98
176.63;3.9
176.67;3.94
176.71;3.94
176.75;3.94
176.79;3.94
176.83;3.9
176.87;3.94
176.91;3.98
176.95;3.94
176.99;3.94
177.03;3.94
177.07;3.94
177.11;3.94
177.15;3.9
177.19;3.94
177.23;3.9
177.27;3.94
177.31;3.94
177.35;3.94
177.39;3.98
177.43;3.94
177.47;3.9
177.51;3.94
177.55;3.94
177.59;3.94
177.63;3.94
177.67;3.94
177.71;3.98
177.75;3.94
177.8;3.9
177.84;3.9
177.88;3.94
177.92;3.94
177.96;3.94
178;3.94
178.04;3.94
178.08;3.94
178.12;3.94
178.16;3.94
178.2;3.98
178.24;3.94
178.28;3.9
178.32;3.9
178.36;3.94
178.4;3.94
178.44;3.9
178.48;3.98
178.52;3.98
178.56;3.98
178.6;3.94
178.64;3.98
178.68;3.9
178.72;3.98
178.76;3.94
178.8;3.9
178.84;3.98
178.88;3.94
178.92;3.9
178.96;3.94
179;3.94
179.04;3.94
179.08;3.94
179.12;3.9
179.16;3.94
179.21;3.94
179.25;3.94
179.29;3.98
179.33;3.98
179.37;3.94
179.41;3.98
179.45;3.9
179.49;3.98
179.53;3.9
179.57;3.94
179.61;3.98
179.65;3.94
179.69;3.94
179.73;3.94
179.77;3.94
179.81;3.94
179.85;3.98
179.89;3.98
179.93;3.94
179.97;3.98
180.01;3.94
180.05;3.94
180.09;3.94
180.13;3.94
180.17;3.9
180.21;3.98
180.25;3.94
180.29;3.94
180.33;3.98
180.37;3.94
180.41;3.94
180.45;3.94
180.49;3.94
180.53;3.94
180.57;3.98
180.62;3.94
180.66;3.94
180.7;3.94
180.74;3.94
180.78;3.98
180.82;3.98
180.86;3.94
180.9;3.98
180.94;3.94
180.98;3.98
181.02;3.94
181.06;3.94
181.1;3.98
181.14;3.94
181.18;3.9
181.22;3.98
181.26;3.94
181.3;3.94
181.34;3.98
181.38;3.94
181.42;3.94
181.46;3.94
181.5;3.98
181.54;3.94
181.58;3.94
181.62;3.94
181.66;3.94
181.7;3.9
181.74;3.98
181.78;3.98
181.82;3.98
181.86;3.94
181.9;3.98
181.94;3.94
181.99;3.98
182.03;3.98
182.07;3.94
182.11;3.98
182.15;3.98
182.19;3.98
182.23;3.94
182.27;3.94
182.31;3.94
182.35;3.94
182.39;3.9
182.43;3.94
182.47;3.94
182.51;3.94
182.55;3.98
182.59;3.98
182.63;3.98
182.67;3.94
182.71;3.94
182.75;3.94
182.79;3.98
182.83;3.94
182.87;3.94
182.91;3.94
182.95;3.98
182.99;3.98
183.03;3.94
183.07;3.98
183.11;3.98
183.15;3.94
183.19;3.94
183.23;3.94
183.27;3.94
183.31;3.94
183.35;3.94
183.4;3.98
183.44;3.94
183.48;3.94
183.52;3.98
183.56;3.94
183.6;3.94
183.64;3.94
183.68;3.94
183.72;3.94
183.76;3.94
183.8;3.94
183.84;3.98
183.88;3.98
183.92;3.94
183.96;3.98
184;3.98
184.04;3.94
184.08;3.98
184.12;3.98
184.16;3.94
184.2;3.94
184.24;3.94
184.28;3.94
184.32;3.98
184.36;3.94
184.4;3.98
184.44;3.94
184.48;3.94
184.52;3.98
184.56;3.94
184.6;3.98
184.64;3.94
184.68;3.98
184.72;3.94
184.76;3.94
184.81;3.98
184.85;3.98
184.89;3.98
184.93;3.98
184.97;3.98
185.01;3.98
185.05;3.98
185.09;3.94
185.13;3.94
185.17;3.94
185.21;3.94
185.25;4.02
185.29;3.94
185.33;3.98
185.37;3.94
185.41;3.94
185.45;3.94
185.49;3.98
185.53;3.98
185.57;3.98
185.61;3.98
185.65;3.94
185.69;3.98
185.73;3.94
185.77;3.94
185.81;3.94
185.85;3.94
185.89;3.98
185.93;3.98
185.97;3.98
186.01;3.94
186.05;3.94
186.09;3.98
186.13;3.98
186.18;3.94
186.22;3.98
186.26;3.98
186.3;3.98
186.34;3.98
186.38;3.98
186.42;3.98
186.46;3.94
186.5;3.98
186.54;3.98
186.58;3.94
186.62;3.98
186.66;3.98
186.7;3.98
186.74;3.98
186.78;3.98
186.82;3.94
186.86;3.98
186.9;3.94
186.94;3.94
186.98;3.98
187.02;3.98
187.06;3.98
187.1;3.94
187.14;3.94
187.18;3.98
187.22;3.98
187.26;3.98
187.3;3.98
187.34;3.94
187.38;4.02
187.42;4.02
187.46;3.98
187.5;3.94
187.54;3.98
187.59;4.02
187.63;3.98
187.67;3.98
187.71;3.98
187.75;3.94
187.79;3.98
187.83;3.98
187.87;3.94
187.91;3.98
187.95;3.98
187.99;3.98
188.03;3.98
188.07;3.94
188.11;3.98
188.15;3.98
188.19;3.98
188.23;3.98
188.27;3.98
188.31;3.98
188.35;3.98
188.39;3.98
188.43;3.94
188.47;4.02
188.51;3.98
188.55;3.94
188.59;3.98
188.63;3.98
188.67;4.02
188.71;3.98
188.75;3.98
188.79;3.98
188.83;4.02
188.87;3.94
188.91;3.98
188.95;3.98
189;3.98
189.04;4.02
189.08;3.94
189.12;3.94
189.16;3.98
189.2;4.02
189.24;3.98
189.28;3.94
189.32;3.98
189.36;3.98
189.4;3.98
189.44;4.02
189.48;4.02
189.52;3.98
189.56;3.98
189.6;3.98
189.64;3.98
189.68;3.98
189.72;3.98
189.76;3.98
189.8;3.94
189.84;3.98
189.88;3.98
189.92;3.98
189.96;3.98
190;3.98
190.04;3.98
190.08;4.02
190.12;3.98
190.16;3.98
190.2;4.02
190.24;3.98
190.28;3.98
190.32;4.02
190.36;3.98
190.41;3.98
190.45;4.02
190.49;3.98
190.53;3.98
190.57;3.98
190.61;3.98
190.65;3.94
190.69;3.98
190.73;4.02
190.77;3.98
190.81;3.98
190.85;3.98
190.89;3.98
190.93;3.98
190.97;4.02
191.01;3.98
191.05;3.98
191.09;3.98
191.13;3.98
191.17;4.02
191.21;3.98
191.25;3.98
191.29;3.98
191.33;3.94
191.37;3.98
191.41;4.02
191.45;4.02
191.49;3.94
191.53;3.98
191.57;4.02
191.61;3.98
191.65;4.02
191.69;3.98
191.73;4.02
191.78;3.94
191.82;3.98
191.86;3.98
191.9;3.98
191.94;3.98
191.98;3.98
192.02;3.98
192.06;4.02
192.1;4.02
192.14;4.02
192.18;4.02
192.22;4.06
192.26;4.02
192.3;4.02
192.34;4.02
192.38;3.98
192.42;3.98
192.46;3.98
192.5;4.02
192.54;3.98
192.58;3.98
192.62;3.94
192.66;3.94
192.7;3.98
192.74;4.02
192.78;3.98
192.82;3.98
192.86;3.98
192.9;3.98
192.94;4.02
192.98;3.98
193.02;4.02
193.06;3.98
193.1;3.98
193.14;4.02
193.19;3.98
193.23;3.98
193.27;3.98
193.31;4.02
193.35;3.98
193.39;4.02
193.43;3.98
193.47;4.02
193.51;4.02
193.55;4.02
193.59;4.02
193.63;4.02
193.67;3.98
193.71;4.02
193.75;3.98
193.79;4.02
193.83;4.02
193.87;3.98
193.91;3.98
193.95;4.02
193.99;3.98
194.03;3.98
194.07;4.02
194.11;4.02
194.15;3.98
194.19;3.98
194.23;4.02
194.27;3.98
194.31;4.02
194.35;3.98
194.39;3.98
194.43;3.98
194.47;4.02
194.51;4.02
194.55;4.06
194.6;4.02
194.64;3.98
194.68;3.98
194.72;4.06
194.76;4.02
194.8;3.98
194.84;3.98
194.88;3.98
194.92;4.02
194.96;4.02
195;3.98
195.04;3.98
195.08;4.02
195.12;4.02
195.16;4.02
195.2;3.98
195.24;3.98
195.28;3.94
195.32;3.98
195.36;3.98
195.4;4.02
195.44;3.98
195.48;4.02
195.52;3.98
195.56;4.02
195.6;3.98
195.64;3.98
195.68;3.98
195.72;4.02
195.76;3.98
195.8;4.02
195.84;4.02
195.88;4.02
195.92;3.98
195.97;4.02
196.01;3.98
196.05;4.02
196.09;4.02
196.13;4.02
196.17;4.02
196.21;4.02
196.25;4.06
196.29;4.02
196.33;4.02
196.37;4.06
196.41;4.06
196.45;4.06
196.49;4.06
196.53;4.02
196.57;3.98
196.61;4.06
196.65;4.02
196.69;3.98
196.73;4.02
196.77;4.02
196.81;4.02
196.85;4.02
196.89;4.02
196.93;3.98
196.97;4.02
197.01;4.02
197.05;4.02
197.09;4.02
197.13;4.02
197.17;3.98
197.21;3.98
197.25;4.06
197.29;3.98
197.33;3.98
197.38;4.02
197.42;4.02
197.46;4.02
197.5;4.02
197.54;4.02
197.58;3.98
197.62;3.98
197.66;4.02
197.7;4.02
197.74;4.02
197.78;4.02
197.82;4.02
197.86;4.02
197.9;4.02
197.94;3.98
197.98;4.02
198.02;4.02
198.06;3.98
198.1;4.02
198.14;4.02
198.18;4.02
198.22;3.98
198.26;3.98
198.3;4.02
198.34;4.02
198.38;3.98
198.42;4.06
198.46;3.98
198.5;3.98
198.54;4.02
198.58;3.98
198.62;4.02
198.66;4.02
198.7;4.02
198.74;3.98
198.79;4.02
198.83;4.02
198.87;4.02
198.91;4.02
198.95;4.02
198.99;4.02
199.03;3.98
199.07;4.06
199.11;4.02
199.15;3.98
199.19;3.98
199.23;4.02
199.27;4.06
199.31;4.06
199.35;4.06
199.39;4.02
199.43;3.98
199.47;4.02
199.51;3.98
199.55;4.02
199.59;4.02
199.63;4.06
199.67;3.98
199.71;4.02
199.75;4.02
199.79;4.06
199.83;3.98
199.87;4.06
199.91;4.02
199.95;3.98
199.99;3.98
200.03;4.02
200.07;4.02
200.11;3.98
200.15;3.98
200.2;3.98
200.24;4.02
200.28;3.98
200.32;4.02
200.36;3.98
200.4;3.98
200.44;4.02
200.48;4.06
200.52;4.06
200.56;4.02
200.6;3.98
200.64;4.02
200.68;4.02
200.72;4.02
200.76;4.02
200.8;4.06
200.84;4.02
200.88;4.06
200.92;4.02
200.96;4.02
201;4.02
201.04;4.06
201.08;4.06
201.12;4.02
201.16;3.98
201.2;4.02
201.24;4.06
201.28;4.06
201.32;4.02
201.36;4.02
201.4;4.02
201.44;4.02
201.48;3.98
201.52;4.02
201.57;4.02
201.61;4.06
201.65;3.98
201.69;4.02
201.73;4.02
201.77;3.98
201.81;4.02
201.85;3.98
201.89;4.02
201.93;4.06
201.97;4.02
202.01;4.02
202.05;4.06
202.09;4.02
202.13;4.02
202.17;4.02
202.21;4.02
202.25;4.02
202.29;4.02
202.33;4.06
202.37;4.02
202.41;4.02
202.45;4.02
202.49;4.02
202.53;4.02
202.57;4.02
202.61;4.06
202.65;4.06
202.69;4.06
202.73;3.98
202.77;4.02
202.81;4.06
202.85;4.06
202.89;4.02
202.93;4.06
202.98;4.06
203.02;4.06
203.06;4.06
203.1;4.06
203.14;4.02
203.18;4.06
203.22;4.02
203.26;4.02
203.3;4.02
203.34;4.02
203.38;4.06
203.42;4.06
203.46;4.02
203.5;4.06
203.54;4.06
203.58;4.02
203.62;4.02
203.66;4.02
203.7;4.06
203.74;4.02
203.78;4.02
203.82;4.06
203.86;4.06
203.9;4.06
203.94;4.06
203.98;4.02
204.02;4.02
204.06;4.06
204.1;4.02
204.14;4.02
204.18;4.02
204.22;4.02
204.26;4.02
204.3;4.06
204.34;4.06
204.39;4.02
204.43;4.02
204.47;4.06
204.51;4.02
204.55;4.02
204.59;4.06
204.63;4.02
204.67;4.06
204.71;4.02
204.75;4.02
204.79;4.06
204.83;4.06
204.87;4.02
204.91;4.06
204.95;4.02
204.99;4.02
205.03;4.06
205.07;4.02
205.11;4.02
205.15;4.02
205.19;4.02
205.23;3.98
205.27;4.06
205.31;4.06
205.35;4.02
205.39;4.02
205.43;4.06
205.47;4.02
205.51;4.06
205.55;4.06
205.59;4.06
205.63;4.06
205.67;4.02
205.71;4.06
205.76;4.1
205.8;4.02
205.84;4.06
205.88;4.02
205.92;4.06
205.96;4.02
206;4.02
206.04;4.06
206.08;4.06
206.12;4.06
206.16;4.02
206.2;4.06
206.24;4.02
206.28;4.06
206.32;4.06
206.36;4.06
206.4;4.02
206.44;4.06
206.48;4.1
206.52;4.06
206.56;4.02
206.6;4.06
206.64;4.02
206.68;4.06
206.72;4.02
206.76;4.06
206.8;4.06
206.84;4.1
206.88;4.06
206.92;4.1
206.96;4.06
207;4.1
207.04;4.1
207.08;4.02
207.12;4.06
207.17;4.06
207.21;4.06
207.25;4.02
207.29;4.02
207.33;4.1
207.37;4.02
207.41;4.06
207.45;4.06
207.49;4.06
207.53;4.06
207.57;4.06
207.61;4.06
207.65;4.06
207.69;4.06
207.73;4.06
207.77;4.06
207.81;4.06
207.85;4.06
207.89;4.06
207.93;4.02
207.97;4.06
208.01;4.02
208.05;4.06
208.09;4.06
208.13;4.02
208.17;4.02
208.21;4.02
208.25;4.06
208.29;4.06
208.33;4.1
208.37;4.02
208.41;4.06
208.45;4.06
208.49;4.06
208.53;4.06
208.58;4.06
208.62;4.06
208.66;4.06
208.7;4.06
208.74;4.02
208.78;4.02
208.82;4.06
208.86;4.06
208.9;4.1
208.94;4.06
208.98;4.06
209.02;4.06
209.06;4.02
209.1;4.02
209.14;4.06
209.18;4.1
209.22;4.06
209.26;4.06
209.3;4.06
209.34;4.02
209.38;4.06
209.42;4.06
209.46;4.1
209.5;4.1
209.54;4.06
209.58;4.06
209.62;4.06
209.66;4.06
209.7;4.06
209.74;4.06
209.78;4.06
209.82;4.06
209.86;4.06
209.9;4.06
209.95;4.02
209.99;4.02
210.03;4.02
210.07;4.06
210.11;4.1
210.15;4.06
210.19;4.02
210.23;4.06
210.27;4.06
210.31;4.1
210.35;4.02
210.39;4.1
210.43;4.1
210.47;4.1
210.51;4.06
210.55;4.1
210.59;4.1
210.63;4.06
210.67;4.02
210.71;4.06
210.75;4.1
210.79;4.1
210.83;4.1
210.87;4.1
210.91;4.1
210.95;4.1
210.99;4.1
211.03;4.06
211.07;4.02
211.11;4.06
211.15;4.06
211.19;4.1
211.23;4.06
211.27;4.06
211.31;3.98
211.36;4.02
211.4;4.02
211.44;4.06
211.48;4.1
211.52;4.02
211.56;4.06
211.6;4.02
211.64;4.02
211.68;4.1
211.72;4.06
211.76;4.06
211.8;4.06
211.84;4.06
211.88;4.1
211.92;4.06
211.96;4.06
212;4.06
212.04;4.06
212.08;4.06
212.12;4.06
212.16;4.06
212.2;4.06
212.24;4.06
212.28;4.1
212.32;4.02
212.36;4.06
212.4;4.06
212.44;4.06
212.48;4.06
212.52;4.06
212.56;4.06
212.6;4.06
212.64;4.06
212.68;4.06
212.72;4.06
212.77;4.1
212.81;4.1
212.85;4.06
212.89;4.06
212.93;4.06
212.97;4.06
213.01;4.06
213.05;4.06
213.09;4.06
213.13;4.1
213.17;4.06
213.21;4.06
213.25;4.06
213.29;4.1
213.33;4.06
213.37;4.1
213.41;4.06
213.45;4.06
213.49;4.06
213.53;4.1
213.57;4.06
213.61;4.06
213.65;4.06
213.69;4.06
213.73;4.06
213.77;4.1
213.81;4.06
213.85;4.06
213.89;4.06
213.93;4.06
213.97;4.1
214.01;4.06
214.05;4.06
214.09;4.1
214.13;4.1
214.18;4.1
214.22;4.06
214.26;4.06
214.3;4.06
214.34;4.1
214.38;4.06
214.42;4.1
214.46;4.06
214.5;4.1
214.54;4.1
214.58;4.06
214.62;4.06
214.66;4.06
214.7;4.1
214.74;4.06
214.78;4.06
214.82;4.1
214.86;4.1
214.9;4.06
214.94;4.06
214.98;4.06
215.02;4.06
215.06;4.06
215.1;4.06
215.14;4.06
215.18;4.06
215.22;4.1
215.26;4.06
215.3;4.1
215.34;4.1
215.38;4.06
215.42;4.06
215.46;4.06
215.5;4.06
215.54;4.06
215.58;4.1
215.63;4.1
215.67;4.06
215.71;4.1
215.75;4.06
215.79;4.06
215.83;4.06
215.87;4.1
215.91;4.06
215.95;4.1
215.99;4.06
216.03;4.06
216.07;4.06
216.11;4.1
216.15;4.1
216.19;4.06
216.23;4.06
216.27;4.1
216.31;4.1
216.35;4.02
216.39;4.06
216.43;4.1
216.47;4.1
216.51;4.06
216.55;4.06
216.59;4.1
216.63;4.1
216.67;4.06
216.71;4.06
216.75;4.06
216.79;4.1
216.83;4.06
216.87;4.06
216.91;4.06
216.95;4.1
216.99;4.1
217.04;4.1
217.08;4.06
217.12;4.1
217.16;4.1
217.2;4.1
217.24;4.06
217.28;4.06
217.32;4.1
217.36;4.1
217.4;4.06
217.44;4.06
217.48;4.1
217.52;4.1
217.56;4.1
217.6;4.06
217.64;4.1
217.68;4.06
217.72;4.1
217.76;4.06
217.8;4.1
217.84;4.1
217.88;4.06
217.92;4.1
217.96;4.1
218;4.1
218.04;4.06
218.08;4.06
218.12;4.1
218.16;4.06
218.2;4.1
218.24;4.06
218.28;4.06
218.32;4.1
218.36;4.1
218.41;4.06
218.45;4.1
218.49;4.1
218.53;4.06
218.57;4.06
218.61;4.1
218.65;4.1
218.69;4.06
218.73;4.06
218.77;4.1
218.81;4.06
218.85;4.06
218.89;4.06
218.93;4.1
218.97;4.06
219.01;4.06
219.05;4.1
219.09;4.06
219.13;4.1
219.17;4.06
219.21;4.06
219.25;4.1
219.29;4.1
219.33;4.1
219.37;4.06
219.41;4.1
219.45;4.06
219.49;4.1
219.53;4.1
219.57;4.06
219.61;4.1
219.65;4.06
219.69;4.06
219.73;4.1
219.77;4.1
219.82;4.06
219.86;4.1
219.9;4.06
219.94;4.1
219.98;4.06
220.02;4.1
220.06;4.1
220.1;4.1
220.14;4.1
220.18;4.1
220.22;4.1
220.26;4.06
220.3;4.14
220.34;4.06
220.38;4.1
220.42;4.1
220.46;4.06
220.5;4.06
220.54;4.1
220.58;4.14
220.62;4.06
220.66;4.1
220.7;4.06
220.74;4.06
220.78;4.1
220.82;4.1
220.86;4.06
220.9;4.1
220.94;4.1
220.98;4.06
221.02;4.1
221.06;4.14
221.1;4.1
221.14;4.1
221.18;4.1
221.23;4.1
221.27;4.06
221.31;4.06
221.35;4.1
221.39;4.06
221.43;4.1
221.47;4.06
221.51;4.06
221.55;4.1
221.59;4.1
221.63;4.1
221.67;4.1
221.71;4.14
221.75;4.1
221.79;4.14
221.83;4.1
221.87;4.14
221.91;4.1
221.95;4.1
221.99;4.06
222.03;4.06
222.07;4.1
222.11;4.1
222.15;4.06
222.19;4.14
222.23;4.1
222.27;4.1
222.31;4.1
222.35;4.06
222.39;4.1
222.43;4.1
222.47;4.1
222.51;4.1
222.55;4.14
222.59;4.1
222.64;4.14
222.68;4.1
222.72;4.14
222.76;4.1
222.8;4.1
222.84;4.06
222.88;4.06
222.92;4.06
222.96;4.1
223;4.02
223.04;4.1
223.08;4.1
223.12;4.14
223.16;4.1
223.2;4.14
223.24;4.14
223.28;4.1
223.32;4.1
223.36;4.1
223.4;4.1
223.44;4.1
223.48;4.1
223.52;4.06
223.56;4.1
223.6;4.1
223.64;4.06
223.68;4.14
223.72;4.06
223.76;4.14
223.8;4.1
223.84;4.1
223.88;4.1
223.92;4.1
223.96;4.14
224.01;4.1
224.05;4.1
224.09;4.1
224.13;4.1
224.17;4.14
224.21;4.14
224.25;4.1
224.29;4.1
224.33;4.1
224.37;4.1
224.41;4.06
224.45;4.14
224.49;4.1
224.53;4.1
224.57;4.14
224.61;4.1
224.65;4.14
224.69;4.06
224.73;4.14
224.77;4.06
224.81;4.1
224.85;4.1
224.89;4.1
224.93;4.1
224.97;4.14
225.01;4.06
225.05;4.14
225.09;4.1
225.13;4.1
225.17;4.1
225.21;4.1
225.25;4.14
225.29;4.1
225.33;4.1
225.37;4.1
225.42;4.14
225.46;4.1
225.5;4.1
225.54;4.1
225.58;4.14
225.62;4.14
225.66;4.1
225.7;4.1
225.74;4.14
225.78;4.1
225.82;4.1
225.86;4.1
225.9;4.14
225.94;4.1
225.98;4.14
226.02;4.14
226.06;4.1
226.1;4.1
226.14;4.1
226.18;4.1
226.22;4.1
226.26;4.1
226.3;4.14
226.34;4.1
226.38;4.1
226.42;4.1
226.46;4.14
226.5;4.1
226.54;4.1
226.58;4.1
226.62;4.1
226.66;4.1
226.7;4.1
226.74;4.1
226.78;4.14
226.83;4.1
226.87;4.14
226.91;4.14
226.95;4.14
226.99;4.14
227.03;4.1
227.07;4.1
227.11;4.14
227.15;4.1
227.19;4.1
227.23;4.14
227.27;4.1
227.31;4.06
227.35;4.1
227.39;4.1
227.43;4.1
227.47;4.14
227.51;4.14
227.55;4.1
227.59;4.1
227.63;4.14
227.67;4.1
227.71;4.1
227.75;4.14
227.79;4.1
227.83;4.14
227.87;4.1
227.91;4.1
227.95;4.1
227.99;4.14
228.03;4.14
228.07;4.1
228.11;4.14
228.15;4.14
228.2;4.1
228.24;4.1
228.28;4.1
228.32;4.14
228.36;4.1
228.4;4.1
228.44;4.06
228.48;4.1
228.52;4.14
228.56;4.14
228.6;4.1
228.64;4.14
228.68;4.14
228.72;4.14
228.76;4.14
228.8;4.14
228.84;4.1
228.88;4.14
228.92;4.1
228.96;4.14
229;4.1
229.04;4.1
229.08;4.1
229.12;4.1
229.16;4.1
229.2;4.14
229.24;4.1
229.28;4.1
229.32;4.14
229.36;4.1
229.4;4.1
229.44;4.14
229.48;4.1
229.52;4.1
229.56;4.14
229.61;4.14
229.65;4.1
229.69;4.1
229.73;4.14
229.77;4.1
229.81;4.14
229.85;4.1
229.89;4.1
229.93;4.1
229.97;4.06
230.01;4.14
230.05;4.14
230.09;4.1
230.13;4.1
230.17;4.14
230.21;4.14
230.25;4.14
230.29;4.14
230.33;4.1
230.37;4.1
230.41;4.1
230.45;4.1
230.49;4.14
230.53;4.1
230.57;4.1
230.61;4.14
230.65;4.14
230.69;4.14
230.73;4.1
230.77;4.14
230.81;4.18
230.85;4.1
230.89;4.1
230.93;4.1
230.97;4.1
231.02;4.14
231.06;4.14
231.1;4.14
231.14;4.1
231.18;4.1
231.22;4.1
231.26;4.14
231.3;4.14
231.34;4.14
231.38;4.1
231.42;4.14
231.46;4.1
231.5;4.14
231.54;4.14
231.58;4.1
231.62;4.1
231.66;4.1
231.7;4.14
231.74;4.14
231.78;4.14
231.82;4.14
231.86;4.14
231.9;4.14
231.94;4.1
231.98;4.1
232.02;4.14
232.06;4.18
232.1;4.14
232.14;4.14
232.18;4.1
232.22;4.1
232.26;4.1
232.3;4.1
232.34;4.1
232.39;4.14
232.43;4.1
232.47;4.1
232.51;4.1
232.55;4.14
232.59;4.14
232.63;4.14
232.67;4.1
232.71;4.1
232.75;4.14
232.79;4.1
232.83;4.1
232.87;4.1
232.91;4.1
232.95;4.14
232.99;4.1
233.03;4.14
233.07;4.14
233.11;4.1
233.15;4.18
233.19;4.14
233.23;4.1
233.27;4.14
233.31;4.14
233.35;4.1
233.39;4.1
233.43;4.14
233.47;4.14
233.51;4.1
233.55;4.14
233.59;4.14
233.63;4.1
233.67;4.1
233.71;4.1
233.75;4.1
233.8;4.14
233.84;4.14
233.88;4.1
233.92;4.1
233.96;4.14
234;4.14
234.04;4.1
234.08;4.18
234.12;4.1
234.16;4.14
